attacc_128x128	9730389	9730390	9730391	/lustre/home/2501111916/workspace/XPUPIM_0226_gpupim_parameter/TriForm/verify/hw_hardware_1gpu_2aim/st12/llama_7b_bf16_b1_s12/attacc_128x128.merge.csv
@collect_attacc_128x128	-	-	9730392	/lustre/home/2501111916/workspace/XPUPIM_0226_gpupim_parameter/TriForm/verify/hw_hardware_1gpu_2aim/st12/llama_7b_bf16_b1_s12/attacc_128x128.merge_all.csv
attacc_128x1292	9730393	9730394	9730395	/lustre/home/2501111916/workspace/XPUPIM_0226_gpupim_parameter/TriForm/verify/hw_hardware_1gpu_2aim/st12/llama_7b_bf16_b1_s12/attacc_128x1292.merge.csv
@collect_attacc_128x1292	-	-	9730396	/lustre/home/2501111916/workspace/XPUPIM_0226_gpupim_parameter/TriForm/verify/hw_hardware_1gpu_2aim/st12/llama_7b_bf16_b1_s12/attacc_128x1292.merge_all.csv
attacc_128x2393	9730398	9730399	9730400	/lustre/home/2501111916/workspace/XPUPIM_0226_gpupim_parameter/TriForm/verify/hw_hardware_1gpu_2aim/st12/llama_7b_bf16_b1_s12/attacc_128x2393.merge.csv
@collect_attacc_128x2393	-	-	9730401	/lustre/home/2501111916/workspace/XPUPIM_0226_gpupim_parameter/TriForm/verify/hw_hardware_1gpu_2aim/st12/llama_7b_bf16_b1_s12/attacc_128x2393.merge_all.csv
attacc_128x262	9730402	9730403	9730404	/lustre/home/2501111916/workspace/XPUPIM_0226_gpupim_parameter/TriForm/verify/hw_hardware_1gpu_2aim/st12/llama_7b_bf16_b1_s12/attacc_128x262.merge.csv
@collect_attacc_128x262	-	-	9730405	/lustre/home/2501111916/workspace/XPUPIM_0226_gpupim_parameter/TriForm/verify/hw_hardware_1gpu_2aim/st12/llama_7b_bf16_b1_s12/attacc_128x262.merge_all.csv
attacc_128x403	9730406	9730407	9730408	/lustre/home/2501111916/workspace/XPUPIM_0226_gpupim_parameter/TriForm/verify/hw_hardware_1gpu_2aim/st12/llama_7b_bf16_b1_s12/attacc_128x403.merge.csv
@collect_attacc_128x403	-	-	9730409	/lustre/home/2501111916/workspace/XPUPIM_0226_gpupim_parameter/TriForm/verify/hw_hardware_1gpu_2aim/st12/llama_7b_bf16_b1_s12/attacc_128x403.merge_all.csv
attacc_128x67	9730410	9730411	9730412	/lustre/home/2501111916/workspace/XPUPIM_0226_gpupim_parameter/TriForm/verify/hw_hardware_1gpu_2aim/st12/llama_7b_bf16_b1_s12/attacc_128x67.merge.csv
@collect_attacc_128x67	-	-	9730413	/lustre/home/2501111916/workspace/XPUPIM_0226_gpupim_parameter/TriForm/verify/hw_hardware_1gpu_2aim/st12/llama_7b_bf16_b1_s12/attacc_128x67.merge_all.csv
attn_on_pim_128x128	9730414	9730415	9730416	/lustre/home/2501111916/workspace/XPUPIM_0226_gpupim_parameter/TriForm/verify/hw_hardware_1gpu_2aim/st12/llama_7b_bf16_b1_s12/attn_on_pim_128x128.merge.csv
@collect_attn_on_pim_128x128	-	-	9730417	/lustre/home/2501111916/workspace/XPUPIM_0226_gpupim_parameter/TriForm/verify/hw_hardware_1gpu_2aim/st12/llama_7b_bf16_b1_s12/attn_on_pim_128x128.merge_all.csv
attn_on_pim_128x1292	9730418	9730419	9730420	/lustre/home/2501111916/workspace/XPUPIM_0226_gpupim_parameter/TriForm/verify/hw_hardware_1gpu_2aim/st12/llama_7b_bf16_b1_s12/attn_on_pim_128x1292.merge.csv
@collect_attn_on_pim_128x1292	-	-	9730421	/lustre/home/2501111916/workspace/XPUPIM_0226_gpupim_parameter/TriForm/verify/hw_hardware_1gpu_2aim/st12/llama_7b_bf16_b1_s12/attn_on_pim_128x1292.merge_all.csv
attn_on_pim_128x2393	9730423	9730424	9730425	/lustre/home/2501111916/workspace/XPUPIM_0226_gpupim_parameter/TriForm/verify/hw_hardware_1gpu_2aim/st12/llama_7b_bf16_b1_s12/attn_on_pim_128x2393.merge.csv
@collect_attn_on_pim_128x2393	-	-	9730426	/lustre/home/2501111916/workspace/XPUPIM_0226_gpupim_parameter/TriForm/verify/hw_hardware_1gpu_2aim/st12/llama_7b_bf16_b1_s12/attn_on_pim_128x2393.merge_all.csv
attn_on_pim_128x262	9730427	9730428	9730429	/lustre/home/2501111916/workspace/XPUPIM_0226_gpupim_parameter/TriForm/verify/hw_hardware_1gpu_2aim/st12/llama_7b_bf16_b1_s12/attn_on_pim_128x262.merge.csv
@collect_attn_on_pim_128x262	-	-	9730430	/lustre/home/2501111916/workspace/XPUPIM_0226_gpupim_parameter/TriForm/verify/hw_hardware_1gpu_2aim/st12/llama_7b_bf16_b1_s12/attn_on_pim_128x262.merge_all.csv
attn_on_pim_128x403	9730431	9730432	9730433	/lustre/home/2501111916/workspace/XPUPIM_0226_gpupim_parameter/TriForm/verify/hw_hardware_1gpu_2aim/st12/llama_7b_bf16_b1_s12/attn_on_pim_128x403.merge.csv
@collect_attn_on_pim_128x403	-	-	9730434	/lustre/home/2501111916/workspace/XPUPIM_0226_gpupim_parameter/TriForm/verify/hw_hardware_1gpu_2aim/st12/llama_7b_bf16_b1_s12/attn_on_pim_128x403.merge_all.csv
attn_on_pim_128x67	9730435	9730436	9730437	/lustre/home/2501111916/workspace/XPUPIM_0226_gpupim_parameter/TriForm/verify/hw_hardware_1gpu_2aim/st12/llama_7b_bf16_b1_s12/attn_on_pim_128x67.merge.csv
@collect_attn_on_pim_128x67	-	-	9730438	/lustre/home/2501111916/workspace/XPUPIM_0226_gpupim_parameter/TriForm/verify/hw_hardware_1gpu_2aim/st12/llama_7b_bf16_b1_s12/attn_on_pim_128x67.merge_all.csv
facil_128x128	9730439	9730440	9730441	/lustre/home/2501111916/workspace/XPUPIM_0226_gpupim_parameter/TriForm/verify/hw_hardware_1gpu_2aim/st12/llama_7b_bf16_b1_s12/facil_128x128.merge.csv
@collect_facil_128x128	-	-	9730442	/lustre/home/2501111916/workspace/XPUPIM_0226_gpupim_parameter/TriForm/verify/hw_hardware_1gpu_2aim/st12/llama_7b_bf16_b1_s12/facil_128x128.merge_all.csv
facil_128x1292	9730444	9730445	9730446	/lustre/home/2501111916/workspace/XPUPIM_0226_gpupim_parameter/TriForm/verify/hw_hardware_1gpu_2aim/st12/llama_7b_bf16_b1_s12/facil_128x1292.merge.csv
@collect_facil_128x1292	-	-	9730447	/lustre/home/2501111916/workspace/XPUPIM_0226_gpupim_parameter/TriForm/verify/hw_hardware_1gpu_2aim/st12/llama_7b_bf16_b1_s12/facil_128x1292.merge_all.csv
facil_128x2393	9730448	9730449	9730450	/lustre/home/2501111916/workspace/XPUPIM_0226_gpupim_parameter/TriForm/verify/hw_hardware_1gpu_2aim/st12/llama_7b_bf16_b1_s12/facil_128x2393.merge.csv
@collect_facil_128x2393	-	-	9730451	/lustre/home/2501111916/workspace/XPUPIM_0226_gpupim_parameter/TriForm/verify/hw_hardware_1gpu_2aim/st12/llama_7b_bf16_b1_s12/facil_128x2393.merge_all.csv
facil_128x262	9730452	9730453	9730454	/lustre/home/2501111916/workspace/XPUPIM_0226_gpupim_parameter/TriForm/verify/hw_hardware_1gpu_2aim/st12/llama_7b_bf16_b1_s12/facil_128x262.merge.csv
@collect_facil_128x262	-	-	9730455	/lustre/home/2501111916/workspace/XPUPIM_0226_gpupim_parameter/TriForm/verify/hw_hardware_1gpu_2aim/st12/llama_7b_bf16_b1_s12/facil_128x262.merge_all.csv
facil_128x403	9730456	9730457	9730458	/lustre/home/2501111916/workspace/XPUPIM_0226_gpupim_parameter/TriForm/verify/hw_hardware_1gpu_2aim/st12/llama_7b_bf16_b1_s12/facil_128x403.merge.csv
@collect_facil_128x403	-	-	9730459	/lustre/home/2501111916/workspace/XPUPIM_0226_gpupim_parameter/TriForm/verify/hw_hardware_1gpu_2aim/st12/llama_7b_bf16_b1_s12/facil_128x403.merge_all.csv
facil_128x67	9730460	9730461	9730462	/lustre/home/2501111916/workspace/XPUPIM_0226_gpupim_parameter/TriForm/verify/hw_hardware_1gpu_2aim/st12/llama_7b_bf16_b1_s12/facil_128x67.merge.csv
@collect_facil_128x67	-	-	9730463	/lustre/home/2501111916/workspace/XPUPIM_0226_gpupim_parameter/TriForm/verify/hw_hardware_1gpu_2aim/st12/llama_7b_bf16_b1_s12/facil_128x67.merge_all.csv
heft_128x128	9730464	9730465	9730466	/lustre/home/2501111916/workspace/XPUPIM_0226_gpupim_parameter/TriForm/verify/hw_hardware_1gpu_2aim/st12/llama_7b_bf16_b1_s12/heft_128x128.merge.csv
@collect_heft_128x128	-	-	9730467	/lustre/home/2501111916/workspace/XPUPIM_0226_gpupim_parameter/TriForm/verify/hw_hardware_1gpu_2aim/st12/llama_7b_bf16_b1_s12/heft_128x128.merge_all.csv
heft_128x1292	9730468	9730469	9730470	/lustre/home/2501111916/workspace/XPUPIM_0226_gpupim_parameter/TriForm/verify/hw_hardware_1gpu_2aim/st12/llama_7b_bf16_b1_s12/heft_128x1292.merge.csv
@collect_heft_128x1292	-	-	9730471	/lustre/home/2501111916/workspace/XPUPIM_0226_gpupim_parameter/TriForm/verify/hw_hardware_1gpu_2aim/st12/llama_7b_bf16_b1_s12/heft_128x1292.merge_all.csv
heft_128x2393	9730472	9730473	9730474	/lustre/home/2501111916/workspace/XPUPIM_0226_gpupim_parameter/TriForm/verify/hw_hardware_1gpu_2aim/st12/llama_7b_bf16_b1_s12/heft_128x2393.merge.csv
@collect_heft_128x2393	-	-	9730475	/lustre/home/2501111916/workspace/XPUPIM_0226_gpupim_parameter/TriForm/verify/hw_hardware_1gpu_2aim/st12/llama_7b_bf16_b1_s12/heft_128x2393.merge_all.csv
heft_128x262	9730476	9730477	9730478	/lustre/home/2501111916/workspace/XPUPIM_0226_gpupim_parameter/TriForm/verify/hw_hardware_1gpu_2aim/st12/llama_7b_bf16_b1_s12/heft_128x262.merge.csv
@collect_heft_128x262	-	-	9730479	/lustre/home/2501111916/workspace/XPUPIM_0226_gpupim_parameter/TriForm/verify/hw_hardware_1gpu_2aim/st12/llama_7b_bf16_b1_s12/heft_128x262.merge_all.csv
heft_128x403	9730480	9730481	9730482	/lustre/home/2501111916/workspace/XPUPIM_0226_gpupim_parameter/TriForm/verify/hw_hardware_1gpu_2aim/st12/llama_7b_bf16_b1_s12/heft_128x403.merge.csv
@collect_heft_128x403	-	-	9730483	/lustre/home/2501111916/workspace/XPUPIM_0226_gpupim_parameter/TriForm/verify/hw_hardware_1gpu_2aim/st12/llama_7b_bf16_b1_s12/heft_128x403.merge_all.csv
heft_128x67	9730484	9730485	9730486	/lustre/home/2501111916/workspace/XPUPIM_0226_gpupim_parameter/TriForm/verify/hw_hardware_1gpu_2aim/st12/llama_7b_bf16_b1_s12/heft_128x67.merge.csv
@collect_heft_128x67	-	-	9730487	/lustre/home/2501111916/workspace/XPUPIM_0226_gpupim_parameter/TriForm/verify/hw_hardware_1gpu_2aim/st12/llama_7b_bf16_b1_s12/heft_128x67.merge_all.csv
hefthint_128x128	9730488	9730489	9730490	/lustre/home/2501111916/workspace/XPUPIM_0226_gpupim_parameter/TriForm/verify/hw_hardware_1gpu_2aim/st12/llama_7b_bf16_b1_s12/hefthint_128x128.merge.csv
@collect_hefthint_128x128	-	-	9730491	/lustre/home/2501111916/workspace/XPUPIM_0226_gpupim_parameter/TriForm/verify/hw_hardware_1gpu_2aim/st12/llama_7b_bf16_b1_s12/hefthint_128x128.merge_all.csv
hefthint_128x1292	9730492	9730493	9730494	/lustre/home/2501111916/workspace/XPUPIM_0226_gpupim_parameter/TriForm/verify/hw_hardware_1gpu_2aim/st12/llama_7b_bf16_b1_s12/hefthint_128x1292.merge.csv
@collect_hefthint_128x1292	-	-	9730495	/lustre/home/2501111916/workspace/XPUPIM_0226_gpupim_parameter/TriForm/verify/hw_hardware_1gpu_2aim/st12/llama_7b_bf16_b1_s12/hefthint_128x1292.merge_all.csv
hefthint_128x2393	9730496	9730497	9730498	/lustre/home/2501111916/workspace/XPUPIM_0226_gpupim_parameter/TriForm/verify/hw_hardware_1gpu_2aim/st12/llama_7b_bf16_b1_s12/hefthint_128x2393.merge.csv
@collect_hefthint_128x2393	-	-	9730499	/lustre/home/2501111916/workspace/XPUPIM_0226_gpupim_parameter/TriForm/verify/hw_hardware_1gpu_2aim/st12/llama_7b_bf16_b1_s12/hefthint_128x2393.merge_all.csv
hefthint_128x262	9730500	9730501	9730502	/lustre/home/2501111916/workspace/XPUPIM_0226_gpupim_parameter/TriForm/verify/hw_hardware_1gpu_2aim/st12/llama_7b_bf16_b1_s12/hefthint_128x262.merge.csv
@collect_hefthint_128x262	-	-	9730503	/lustre/home/2501111916/workspace/XPUPIM_0226_gpupim_parameter/TriForm/verify/hw_hardware_1gpu_2aim/st12/llama_7b_bf16_b1_s12/hefthint_128x262.merge_all.csv
hefthint_128x403	9730504	9730505	9730506	/lustre/home/2501111916/workspace/XPUPIM_0226_gpupim_parameter/TriForm/verify/hw_hardware_1gpu_2aim/st12/llama_7b_bf16_b1_s12/hefthint_128x403.merge.csv
@collect_hefthint_128x403	-	-	9730507	/lustre/home/2501111916/workspace/XPUPIM_0226_gpupim_parameter/TriForm/verify/hw_hardware_1gpu_2aim/st12/llama_7b_bf16_b1_s12/hefthint_128x403.merge_all.csv
hefthint_128x67	9730508	9730509	9730510	/lustre/home/2501111916/workspace/XPUPIM_0226_gpupim_parameter/TriForm/verify/hw_hardware_1gpu_2aim/st12/llama_7b_bf16_b1_s12/hefthint_128x67.merge.csv
@collect_hefthint_128x67	-	-	9730511	/lustre/home/2501111916/workspace/XPUPIM_0226_gpupim_parameter/TriForm/verify/hw_hardware_1gpu_2aim/st12/llama_7b_bf16_b1_s12/hefthint_128x67.merge_all.csv
ianus_128x128	9730512	9730513	9730514	/lustre/home/2501111916/workspace/XPUPIM_0226_gpupim_parameter/TriForm/verify/hw_hardware_1gpu_2aim/st12/llama_7b_bf16_b1_s12/ianus_128x128.merge.csv
@collect_ianus_128x128	-	-	9730515	/lustre/home/2501111916/workspace/XPUPIM_0226_gpupim_parameter/TriForm/verify/hw_hardware_1gpu_2aim/st12/llama_7b_bf16_b1_s12/ianus_128x128.merge_all.csv
ianus_128x1292	9730516	9730517	9730518	/lustre/home/2501111916/workspace/XPUPIM_0226_gpupim_parameter/TriForm/verify/hw_hardware_1gpu_2aim/st12/llama_7b_bf16_b1_s12/ianus_128x1292.merge.csv
@collect_ianus_128x1292	-	-	9730519	/lustre/home/2501111916/workspace/XPUPIM_0226_gpupim_parameter/TriForm/verify/hw_hardware_1gpu_2aim/st12/llama_7b_bf16_b1_s12/ianus_128x1292.merge_all.csv
ianus_128x2393	9730520	9730521	9730522	/lustre/home/2501111916/workspace/XPUPIM_0226_gpupim_parameter/TriForm/verify/hw_hardware_1gpu_2aim/st12/llama_7b_bf16_b1_s12/ianus_128x2393.merge.csv
@collect_ianus_128x2393	-	-	9730523	/lustre/home/2501111916/workspace/XPUPIM_0226_gpupim_parameter/TriForm/verify/hw_hardware_1gpu_2aim/st12/llama_7b_bf16_b1_s12/ianus_128x2393.merge_all.csv
ianus_128x262	9730524	9730525	9730526	/lustre/home/2501111916/workspace/XPUPIM_0226_gpupim_parameter/TriForm/verify/hw_hardware_1gpu_2aim/st12/llama_7b_bf16_b1_s12/ianus_128x262.merge.csv
@collect_ianus_128x262	-	-	9730527	/lustre/home/2501111916/workspace/XPUPIM_0226_gpupim_parameter/TriForm/verify/hw_hardware_1gpu_2aim/st12/llama_7b_bf16_b1_s12/ianus_128x262.merge_all.csv
ianus_128x403	9730528	9730529	9730530	/lustre/home/2501111916/workspace/XPUPIM_0226_gpupim_parameter/TriForm/verify/hw_hardware_1gpu_2aim/st12/llama_7b_bf16_b1_s12/ianus_128x403.merge.csv
@collect_ianus_128x403	-	-	9730531	/lustre/home/2501111916/workspace/XPUPIM_0226_gpupim_parameter/TriForm/verify/hw_hardware_1gpu_2aim/st12/llama_7b_bf16_b1_s12/ianus_128x403.merge_all.csv
ianus_128x67	9730532	9730533	9730534	/lustre/home/2501111916/workspace/XPUPIM_0226_gpupim_parameter/TriForm/verify/hw_hardware_1gpu_2aim/st12/llama_7b_bf16_b1_s12/ianus_128x67.merge.csv
@collect_ianus_128x67	-	-	9730535	/lustre/home/2501111916/workspace/XPUPIM_0226_gpupim_parameter/TriForm/verify/hw_hardware_1gpu_2aim/st12/llama_7b_bf16_b1_s12/ianus_128x67.merge_all.csv
pd_128x128	9730536	9730537	9730538	/lustre/home/2501111916/workspace/XPUPIM_0226_gpupim_parameter/TriForm/verify/hw_hardware_1gpu_2aim/st12/llama_7b_bf16_b1_s12/pd_128x128.merge.csv
@collect_pd_128x128	-	-	9730539	/lustre/home/2501111916/workspace/XPUPIM_0226_gpupim_parameter/TriForm/verify/hw_hardware_1gpu_2aim/st12/llama_7b_bf16_b1_s12/pd_128x128.merge_all.csv
pd_128x1292	9730540	9730541	9730542	/lustre/home/2501111916/workspace/XPUPIM_0226_gpupim_parameter/TriForm/verify/hw_hardware_1gpu_2aim/st12/llama_7b_bf16_b1_s12/pd_128x1292.merge.csv
@collect_pd_128x1292	-	-	9730543	/lustre/home/2501111916/workspace/XPUPIM_0226_gpupim_parameter/TriForm/verify/hw_hardware_1gpu_2aim/st12/llama_7b_bf16_b1_s12/pd_128x1292.merge_all.csv
pd_128x2393	9730544	9730545	9730546	/lustre/home/2501111916/workspace/XPUPIM_0226_gpupim_parameter/TriForm/verify/hw_hardware_1gpu_2aim/st12/llama_7b_bf16_b1_s12/pd_128x2393.merge.csv
@collect_pd_128x2393	-	-	9730547	/lustre/home/2501111916/workspace/XPUPIM_0226_gpupim_parameter/TriForm/verify/hw_hardware_1gpu_2aim/st12/llama_7b_bf16_b1_s12/pd_128x2393.merge_all.csv
pd_128x262	9730548	9730549	9730550	/lustre/home/2501111916/workspace/XPUPIM_0226_gpupim_parameter/TriForm/verify/hw_hardware_1gpu_2aim/st12/llama_7b_bf16_b1_s12/pd_128x262.merge.csv
@collect_pd_128x262	-	-	9730551	/lustre/home/2501111916/workspace/XPUPIM_0226_gpupim_parameter/TriForm/verify/hw_hardware_1gpu_2aim/st12/llama_7b_bf16_b1_s12/pd_128x262.merge_all.csv
pd_128x403	9730552	9730553	9730554	/lustre/home/2501111916/workspace/XPUPIM_0226_gpupim_parameter/TriForm/verify/hw_hardware_1gpu_2aim/st12/llama_7b_bf16_b1_s12/pd_128x403.merge.csv
@collect_pd_128x403	-	-	9730555	/lustre/home/2501111916/workspace/XPUPIM_0226_gpupim_parameter/TriForm/verify/hw_hardware_1gpu_2aim/st12/llama_7b_bf16_b1_s12/pd_128x403.merge_all.csv
pd_128x67	9730556	9730557	9730558	/lustre/home/2501111916/workspace/XPUPIM_0226_gpupim_parameter/TriForm/verify/hw_hardware_1gpu_2aim/st12/llama_7b_bf16_b1_s12/pd_128x67.merge.csv
@collect_pd_128x67	-	-	9730559	/lustre/home/2501111916/workspace/XPUPIM_0226_gpupim_parameter/TriForm/verify/hw_hardware_1gpu_2aim/st12/llama_7b_bf16_b1_s12/pd_128x67.merge_all.csv
weights_on_pim_128x128	9730560	9730561	9730562	/lustre/home/2501111916/workspace/XPUPIM_0226_gpupim_parameter/TriForm/verify/hw_hardware_1gpu_2aim/st12/llama_7b_bf16_b1_s12/weights_on_pim_128x128.merge.csv
@collect_weights_on_pim_128x128	-	-	9730563	/lustre/home/2501111916/workspace/XPUPIM_0226_gpupim_parameter/TriForm/verify/hw_hardware_1gpu_2aim/st12/llama_7b_bf16_b1_s12/weights_on_pim_128x128.merge_all.csv
weights_on_pim_128x1292	9730564	9730565	9730566	/lustre/home/2501111916/workspace/XPUPIM_0226_gpupim_parameter/TriForm/verify/hw_hardware_1gpu_2aim/st12/llama_7b_bf16_b1_s12/weights_on_pim_128x1292.merge.csv
@collect_weights_on_pim_128x1292	-	-	9730567	/lustre/home/2501111916/workspace/XPUPIM_0226_gpupim_parameter/TriForm/verify/hw_hardware_1gpu_2aim/st12/llama_7b_bf16_b1_s12/weights_on_pim_128x1292.merge_all.csv
weights_on_pim_128x2393	9730568	9730569	9730570	/lustre/home/2501111916/workspace/XPUPIM_0226_gpupim_parameter/TriForm/verify/hw_hardware_1gpu_2aim/st12/llama_7b_bf16_b1_s12/weights_on_pim_128x2393.merge.csv
@collect_weights_on_pim_128x2393	-	-	9730571	/lustre/home/2501111916/workspace/XPUPIM_0226_gpupim_parameter/TriForm/verify/hw_hardware_1gpu_2aim/st12/llama_7b_bf16_b1_s12/weights_on_pim_128x2393.merge_all.csv
weights_on_pim_128x262	9730572	9730573	9730574	/lustre/home/2501111916/workspace/XPUPIM_0226_gpupim_parameter/TriForm/verify/hw_hardware_1gpu_2aim/st12/llama_7b_bf16_b1_s12/weights_on_pim_128x262.merge.csv
@collect_weights_on_pim_128x262	-	-	9730575	/lustre/home/2501111916/workspace/XPUPIM_0226_gpupim_parameter/TriForm/verify/hw_hardware_1gpu_2aim/st12/llama_7b_bf16_b1_s12/weights_on_pim_128x262.merge_all.csv
weights_on_pim_128x403	9730576	9730577	9730578	/lustre/home/2501111916/workspace/XPUPIM_0226_gpupim_parameter/TriForm/verify/hw_hardware_1gpu_2aim/st12/llama_7b_bf16_b1_s12/weights_on_pim_128x403.merge.csv
@collect_weights_on_pim_128x403	-	-	9730579	/lustre/home/2501111916/workspace/XPUPIM_0226_gpupim_parameter/TriForm/verify/hw_hardware_1gpu_2aim/st12/llama_7b_bf16_b1_s12/weights_on_pim_128x403.merge_all.csv
weights_on_pim_128x67	9730580	9730581	9730582	/lustre/home/2501111916/workspace/XPUPIM_0226_gpupim_parameter/TriForm/verify/hw_hardware_1gpu_2aim/st12/llama_7b_bf16_b1_s12/weights_on_pim_128x67.merge.csv
@collect_weights_on_pim_128x67	-	-	9730583	/lustre/home/2501111916/workspace/XPUPIM_0226_gpupim_parameter/TriForm/verify/hw_hardware_1gpu_2aim/st12/llama_7b_bf16_b1_s12/weights_on_pim_128x67.merge_all.csv
attacc_262x128	9730599	9730600	9730601	/lustre/home/2501111916/workspace/XPUPIM_0226_gpupim_parameter/TriForm/verify/hw_hardware_1gpu_2aim/st12/llama_7b_bf16_b1_s12/attacc_262x128.merge.csv
@collect_attacc_262x128	-	-	9730602	/lustre/home/2501111916/workspace/XPUPIM_0226_gpupim_parameter/TriForm/verify/hw_hardware_1gpu_2aim/st12/llama_7b_bf16_b1_s12/attacc_262x128.merge_all.csv
attacc_262x1292	9730603	9730604	9730605	/lustre/home/2501111916/workspace/XPUPIM_0226_gpupim_parameter/TriForm/verify/hw_hardware_1gpu_2aim/st12/llama_7b_bf16_b1_s12/attacc_262x1292.merge.csv
@collect_attacc_262x1292	-	-	9730606	/lustre/home/2501111916/workspace/XPUPIM_0226_gpupim_parameter/TriForm/verify/hw_hardware_1gpu_2aim/st12/llama_7b_bf16_b1_s12/attacc_262x1292.merge_all.csv
attacc_262x2393	9730607	9730608	9730609	/lustre/home/2501111916/workspace/XPUPIM_0226_gpupim_parameter/TriForm/verify/hw_hardware_1gpu_2aim/st12/llama_7b_bf16_b1_s12/attacc_262x2393.merge.csv
@collect_attacc_262x2393	-	-	9730610	/lustre/home/2501111916/workspace/XPUPIM_0226_gpupim_parameter/TriForm/verify/hw_hardware_1gpu_2aim/st12/llama_7b_bf16_b1_s12/attacc_262x2393.merge_all.csv
attacc_262x262	9730611	9730612	9730613	/lustre/home/2501111916/workspace/XPUPIM_0226_gpupim_parameter/TriForm/verify/hw_hardware_1gpu_2aim/st12/llama_7b_bf16_b1_s12/attacc_262x262.merge.csv
@collect_attacc_262x262	-	-	9730614	/lustre/home/2501111916/workspace/XPUPIM_0226_gpupim_parameter/TriForm/verify/hw_hardware_1gpu_2aim/st12/llama_7b_bf16_b1_s12/attacc_262x262.merge_all.csv
attacc_262x403	9730615	9730616	9730617	/lustre/home/2501111916/workspace/XPUPIM_0226_gpupim_parameter/TriForm/verify/hw_hardware_1gpu_2aim/st12/llama_7b_bf16_b1_s12/attacc_262x403.merge.csv
@collect_attacc_262x403	-	-	9730618	/lustre/home/2501111916/workspace/XPUPIM_0226_gpupim_parameter/TriForm/verify/hw_hardware_1gpu_2aim/st12/llama_7b_bf16_b1_s12/attacc_262x403.merge_all.csv
attacc_262x67	9730619	9730620	9730621	/lustre/home/2501111916/workspace/XPUPIM_0226_gpupim_parameter/TriForm/verify/hw_hardware_1gpu_2aim/st12/llama_7b_bf16_b1_s12/attacc_262x67.merge.csv
@collect_attacc_262x67	-	-	9730622	/lustre/home/2501111916/workspace/XPUPIM_0226_gpupim_parameter/TriForm/verify/hw_hardware_1gpu_2aim/st12/llama_7b_bf16_b1_s12/attacc_262x67.merge_all.csv
attn_on_pim_262x128	9730623	9730624	9730625	/lustre/home/2501111916/workspace/XPUPIM_0226_gpupim_parameter/TriForm/verify/hw_hardware_1gpu_2aim/st12/llama_7b_bf16_b1_s12/attn_on_pim_262x128.merge.csv
@collect_attn_on_pim_262x128	-	-	9730626	/lustre/home/2501111916/workspace/XPUPIM_0226_gpupim_parameter/TriForm/verify/hw_hardware_1gpu_2aim/st12/llama_7b_bf16_b1_s12/attn_on_pim_262x128.merge_all.csv
attn_on_pim_262x1292	9730627	9730628	9730629	/lustre/home/2501111916/workspace/XPUPIM_0226_gpupim_parameter/TriForm/verify/hw_hardware_1gpu_2aim/st12/llama_7b_bf16_b1_s12/attn_on_pim_262x1292.merge.csv
@collect_attn_on_pim_262x1292	-	-	9730630	/lustre/home/2501111916/workspace/XPUPIM_0226_gpupim_parameter/TriForm/verify/hw_hardware_1gpu_2aim/st12/llama_7b_bf16_b1_s12/attn_on_pim_262x1292.merge_all.csv
attn_on_pim_262x2393	9730631	9730632	9730633	/lustre/home/2501111916/workspace/XPUPIM_0226_gpupim_parameter/TriForm/verify/hw_hardware_1gpu_2aim/st12/llama_7b_bf16_b1_s12/attn_on_pim_262x2393.merge.csv
@collect_attn_on_pim_262x2393	-	-	9730634	/lustre/home/2501111916/workspace/XPUPIM_0226_gpupim_parameter/TriForm/verify/hw_hardware_1gpu_2aim/st12/llama_7b_bf16_b1_s12/attn_on_pim_262x2393.merge_all.csv
attn_on_pim_262x262	9730635	9730636	9730637	/lustre/home/2501111916/workspace/XPUPIM_0226_gpupim_parameter/TriForm/verify/hw_hardware_1gpu_2aim/st12/llama_7b_bf16_b1_s12/attn_on_pim_262x262.merge.csv
@collect_attn_on_pim_262x262	-	-	9730638	/lustre/home/2501111916/workspace/XPUPIM_0226_gpupim_parameter/TriForm/verify/hw_hardware_1gpu_2aim/st12/llama_7b_bf16_b1_s12/attn_on_pim_262x262.merge_all.csv
attn_on_pim_262x403	9730639	9730640	9730641	/lustre/home/2501111916/workspace/XPUPIM_0226_gpupim_parameter/TriForm/verify/hw_hardware_1gpu_2aim/st12/llama_7b_bf16_b1_s12/attn_on_pim_262x403.merge.csv
@collect_attn_on_pim_262x403	-	-	9730642	/lustre/home/2501111916/workspace/XPUPIM_0226_gpupim_parameter/TriForm/verify/hw_hardware_1gpu_2aim/st12/llama_7b_bf16_b1_s12/attn_on_pim_262x403.merge_all.csv
attn_on_pim_262x67	9730643	9730644	9730645	/lustre/home/2501111916/workspace/XPUPIM_0226_gpupim_parameter/TriForm/verify/hw_hardware_1gpu_2aim/st12/llama_7b_bf16_b1_s12/attn_on_pim_262x67.merge.csv
@collect_attn_on_pim_262x67	-	-	9730646	/lustre/home/2501111916/workspace/XPUPIM_0226_gpupim_parameter/TriForm/verify/hw_hardware_1gpu_2aim/st12/llama_7b_bf16_b1_s12/attn_on_pim_262x67.merge_all.csv
facil_262x128	9730647	9730648	9730649	/lustre/home/2501111916/workspace/XPUPIM_0226_gpupim_parameter/TriForm/verify/hw_hardware_1gpu_2aim/st12/llama_7b_bf16_b1_s12/facil_262x128.merge.csv
@collect_facil_262x128	-	-	9730650	/lustre/home/2501111916/workspace/XPUPIM_0226_gpupim_parameter/TriForm/verify/hw_hardware_1gpu_2aim/st12/llama_7b_bf16_b1_s12/facil_262x128.merge_all.csv
facil_262x1292	9730651	9730652	9730653	/lustre/home/2501111916/workspace/XPUPIM_0226_gpupim_parameter/TriForm/verify/hw_hardware_1gpu_2aim/st12/llama_7b_bf16_b1_s12/facil_262x1292.merge.csv
@collect_facil_262x1292	-	-	9730654	/lustre/home/2501111916/workspace/XPUPIM_0226_gpupim_parameter/TriForm/verify/hw_hardware_1gpu_2aim/st12/llama_7b_bf16_b1_s12/facil_262x1292.merge_all.csv
facil_262x2393	9730655	9730656	9730657	/lustre/home/2501111916/workspace/XPUPIM_0226_gpupim_parameter/TriForm/verify/hw_hardware_1gpu_2aim/st12/llama_7b_bf16_b1_s12/facil_262x2393.merge.csv
@collect_facil_262x2393	-	-	9730658	/lustre/home/2501111916/workspace/XPUPIM_0226_gpupim_parameter/TriForm/verify/hw_hardware_1gpu_2aim/st12/llama_7b_bf16_b1_s12/facil_262x2393.merge_all.csv
facil_262x262	9730659	9730660	9730661	/lustre/home/2501111916/workspace/XPUPIM_0226_gpupim_parameter/TriForm/verify/hw_hardware_1gpu_2aim/st12/llama_7b_bf16_b1_s12/facil_262x262.merge.csv
@collect_facil_262x262	-	-	9730662	/lustre/home/2501111916/workspace/XPUPIM_0226_gpupim_parameter/TriForm/verify/hw_hardware_1gpu_2aim/st12/llama_7b_bf16_b1_s12/facil_262x262.merge_all.csv
facil_262x403	9730663	9730664	9730665	/lustre/home/2501111916/workspace/XPUPIM_0226_gpupim_parameter/TriForm/verify/hw_hardware_1gpu_2aim/st12/llama_7b_bf16_b1_s12/facil_262x403.merge.csv
@collect_facil_262x403	-	-	9730666	/lustre/home/2501111916/workspace/XPUPIM_0226_gpupim_parameter/TriForm/verify/hw_hardware_1gpu_2aim/st12/llama_7b_bf16_b1_s12/facil_262x403.merge_all.csv
facil_262x67	9730667	9730668	9730669	/lustre/home/2501111916/workspace/XPUPIM_0226_gpupim_parameter/TriForm/verify/hw_hardware_1gpu_2aim/st12/llama_7b_bf16_b1_s12/facil_262x67.merge.csv
@collect_facil_262x67	-	-	9730670	/lustre/home/2501111916/workspace/XPUPIM_0226_gpupim_parameter/TriForm/verify/hw_hardware_1gpu_2aim/st12/llama_7b_bf16_b1_s12/facil_262x67.merge_all.csv
heft_262x128	9730671	9730672	9730673	/lustre/home/2501111916/workspace/XPUPIM_0226_gpupim_parameter/TriForm/verify/hw_hardware_1gpu_2aim/st12/llama_7b_bf16_b1_s12/heft_262x128.merge.csv
@collect_heft_262x128	-	-	9730674	/lustre/home/2501111916/workspace/XPUPIM_0226_gpupim_parameter/TriForm/verify/hw_hardware_1gpu_2aim/st12/llama_7b_bf16_b1_s12/heft_262x128.merge_all.csv
heft_262x1292	9730675	9730676	9730677	/lustre/home/2501111916/workspace/XPUPIM_0226_gpupim_parameter/TriForm/verify/hw_hardware_1gpu_2aim/st12/llama_7b_bf16_b1_s12/heft_262x1292.merge.csv
@collect_heft_262x1292	-	-	9730678	/lustre/home/2501111916/workspace/XPUPIM_0226_gpupim_parameter/TriForm/verify/hw_hardware_1gpu_2aim/st12/llama_7b_bf16_b1_s12/heft_262x1292.merge_all.csv
heft_262x2393	9730679	9730680	9730681	/lustre/home/2501111916/workspace/XPUPIM_0226_gpupim_parameter/TriForm/verify/hw_hardware_1gpu_2aim/st12/llama_7b_bf16_b1_s12/heft_262x2393.merge.csv
@collect_heft_262x2393	-	-	9730682	/lustre/home/2501111916/workspace/XPUPIM_0226_gpupim_parameter/TriForm/verify/hw_hardware_1gpu_2aim/st12/llama_7b_bf16_b1_s12/heft_262x2393.merge_all.csv
heft_262x262	9730683	9730684	9730685	/lustre/home/2501111916/workspace/XPUPIM_0226_gpupim_parameter/TriForm/verify/hw_hardware_1gpu_2aim/st12/llama_7b_bf16_b1_s12/heft_262x262.merge.csv
@collect_heft_262x262	-	-	9730686	/lustre/home/2501111916/workspace/XPUPIM_0226_gpupim_parameter/TriForm/verify/hw_hardware_1gpu_2aim/st12/llama_7b_bf16_b1_s12/heft_262x262.merge_all.csv
heft_262x403	9730688	9730689	9730690	/lustre/home/2501111916/workspace/XPUPIM_0226_gpupim_parameter/TriForm/verify/hw_hardware_1gpu_2aim/st12/llama_7b_bf16_b1_s12/heft_262x403.merge.csv
@collect_heft_262x403	-	-	9730691	/lustre/home/2501111916/workspace/XPUPIM_0226_gpupim_parameter/TriForm/verify/hw_hardware_1gpu_2aim/st12/llama_7b_bf16_b1_s12/heft_262x403.merge_all.csv
heft_262x67	9730692	9730693	9730694	/lustre/home/2501111916/workspace/XPUPIM_0226_gpupim_parameter/TriForm/verify/hw_hardware_1gpu_2aim/st12/llama_7b_bf16_b1_s12/heft_262x67.merge.csv
@collect_heft_262x67	-	-	9730695	/lustre/home/2501111916/workspace/XPUPIM_0226_gpupim_parameter/TriForm/verify/hw_hardware_1gpu_2aim/st12/llama_7b_bf16_b1_s12/heft_262x67.merge_all.csv
hefthint_262x128	9730696	9730697	9730698	/lustre/home/2501111916/workspace/XPUPIM_0226_gpupim_parameter/TriForm/verify/hw_hardware_1gpu_2aim/st12/llama_7b_bf16_b1_s12/hefthint_262x128.merge.csv
@collect_hefthint_262x128	-	-	9730699	/lustre/home/2501111916/workspace/XPUPIM_0226_gpupim_parameter/TriForm/verify/hw_hardware_1gpu_2aim/st12/llama_7b_bf16_b1_s12/hefthint_262x128.merge_all.csv
hefthint_262x1292	9730700	9730701	9730702	/lustre/home/2501111916/workspace/XPUPIM_0226_gpupim_parameter/TriForm/verify/hw_hardware_1gpu_2aim/st12/llama_7b_bf16_b1_s12/hefthint_262x1292.merge.csv
@collect_hefthint_262x1292	-	-	9730703	/lustre/home/2501111916/workspace/XPUPIM_0226_gpupim_parameter/TriForm/verify/hw_hardware_1gpu_2aim/st12/llama_7b_bf16_b1_s12/hefthint_262x1292.merge_all.csv
hefthint_262x2393	9730704	9730705	9730706	/lustre/home/2501111916/workspace/XPUPIM_0226_gpupim_parameter/TriForm/verify/hw_hardware_1gpu_2aim/st12/llama_7b_bf16_b1_s12/hefthint_262x2393.merge.csv
@collect_hefthint_262x2393	-	-	9730707	/lustre/home/2501111916/workspace/XPUPIM_0226_gpupim_parameter/TriForm/verify/hw_hardware_1gpu_2aim/st12/llama_7b_bf16_b1_s12/hefthint_262x2393.merge_all.csv
hefthint_262x262	9730708	9730709	9730710	/lustre/home/2501111916/workspace/XPUPIM_0226_gpupim_parameter/TriForm/verify/hw_hardware_1gpu_2aim/st12/llama_7b_bf16_b1_s12/hefthint_262x262.merge.csv
@collect_hefthint_262x262	-	-	9730711	/lustre/home/2501111916/workspace/XPUPIM_0226_gpupim_parameter/TriForm/verify/hw_hardware_1gpu_2aim/st12/llama_7b_bf16_b1_s12/hefthint_262x262.merge_all.csv
hefthint_262x403	9730712	9730713	9730714	/lustre/home/2501111916/workspace/XPUPIM_0226_gpupim_parameter/TriForm/verify/hw_hardware_1gpu_2aim/st12/llama_7b_bf16_b1_s12/hefthint_262x403.merge.csv
@collect_hefthint_262x403	-	-	9730715	/lustre/home/2501111916/workspace/XPUPIM_0226_gpupim_parameter/TriForm/verify/hw_hardware_1gpu_2aim/st12/llama_7b_bf16_b1_s12/hefthint_262x403.merge_all.csv
hefthint_262x67	9730716	9730717	9730718	/lustre/home/2501111916/workspace/XPUPIM_0226_gpupim_parameter/TriForm/verify/hw_hardware_1gpu_2aim/st12/llama_7b_bf16_b1_s12/hefthint_262x67.merge.csv
@collect_hefthint_262x67	-	-	9730719	/lustre/home/2501111916/workspace/XPUPIM_0226_gpupim_parameter/TriForm/verify/hw_hardware_1gpu_2aim/st12/llama_7b_bf16_b1_s12/hefthint_262x67.merge_all.csv
ianus_262x128	9730720	9730721	9730722	/lustre/home/2501111916/workspace/XPUPIM_0226_gpupim_parameter/TriForm/verify/hw_hardware_1gpu_2aim/st12/llama_7b_bf16_b1_s12/ianus_262x128.merge.csv
@collect_ianus_262x128	-	-	9730723	/lustre/home/2501111916/workspace/XPUPIM_0226_gpupim_parameter/TriForm/verify/hw_hardware_1gpu_2aim/st12/llama_7b_bf16_b1_s12/ianus_262x128.merge_all.csv
ianus_262x1292	9730725	9730726	9730727	/lustre/home/2501111916/workspace/XPUPIM_0226_gpupim_parameter/TriForm/verify/hw_hardware_1gpu_2aim/st12/llama_7b_bf16_b1_s12/ianus_262x1292.merge.csv
@collect_ianus_262x1292	-	-	9730728	/lustre/home/2501111916/workspace/XPUPIM_0226_gpupim_parameter/TriForm/verify/hw_hardware_1gpu_2aim/st12/llama_7b_bf16_b1_s12/ianus_262x1292.merge_all.csv
ianus_262x2393	9730730	9730731	9730732	/lustre/home/2501111916/workspace/XPUPIM_0226_gpupim_parameter/TriForm/verify/hw_hardware_1gpu_2aim/st12/llama_7b_bf16_b1_s12/ianus_262x2393.merge.csv
@collect_ianus_262x2393	-	-	9730733	/lustre/home/2501111916/workspace/XPUPIM_0226_gpupim_parameter/TriForm/verify/hw_hardware_1gpu_2aim/st12/llama_7b_bf16_b1_s12/ianus_262x2393.merge_all.csv
ianus_262x262	9730734	9730735	9730736	/lustre/home/2501111916/workspace/XPUPIM_0226_gpupim_parameter/TriForm/verify/hw_hardware_1gpu_2aim/st12/llama_7b_bf16_b1_s12/ianus_262x262.merge.csv
@collect_ianus_262x262	-	-	9730737	/lustre/home/2501111916/workspace/XPUPIM_0226_gpupim_parameter/TriForm/verify/hw_hardware_1gpu_2aim/st12/llama_7b_bf16_b1_s12/ianus_262x262.merge_all.csv
ianus_262x403	9730738	9730739	9730740	/lustre/home/2501111916/workspace/XPUPIM_0226_gpupim_parameter/TriForm/verify/hw_hardware_1gpu_2aim/st12/llama_7b_bf16_b1_s12/ianus_262x403.merge.csv
@collect_ianus_262x403	-	-	9730741	/lustre/home/2501111916/workspace/XPUPIM_0226_gpupim_parameter/TriForm/verify/hw_hardware_1gpu_2aim/st12/llama_7b_bf16_b1_s12/ianus_262x403.merge_all.csv
ianus_262x67	9730742	9730743	9730744	/lustre/home/2501111916/workspace/XPUPIM_0226_gpupim_parameter/TriForm/verify/hw_hardware_1gpu_2aim/st12/llama_7b_bf16_b1_s12/ianus_262x67.merge.csv
@collect_ianus_262x67	-	-	9730745	/lustre/home/2501111916/workspace/XPUPIM_0226_gpupim_parameter/TriForm/verify/hw_hardware_1gpu_2aim/st12/llama_7b_bf16_b1_s12/ianus_262x67.merge_all.csv
pd_262x128	9730746	9730747	9730748	/lustre/home/2501111916/workspace/XPUPIM_0226_gpupim_parameter/TriForm/verify/hw_hardware_1gpu_2aim/st12/llama_7b_bf16_b1_s12/pd_262x128.merge.csv
@collect_pd_262x128	-	-	9730749	/lustre/home/2501111916/workspace/XPUPIM_0226_gpupim_parameter/TriForm/verify/hw_hardware_1gpu_2aim/st12/llama_7b_bf16_b1_s12/pd_262x128.merge_all.csv
pd_262x1292	9730750	9730751	9730752	/lustre/home/2501111916/workspace/XPUPIM_0226_gpupim_parameter/TriForm/verify/hw_hardware_1gpu_2aim/st12/llama_7b_bf16_b1_s12/pd_262x1292.merge.csv
@collect_pd_262x1292	-	-	9730753	/lustre/home/2501111916/workspace/XPUPIM_0226_gpupim_parameter/TriForm/verify/hw_hardware_1gpu_2aim/st12/llama_7b_bf16_b1_s12/pd_262x1292.merge_all.csv
pd_262x2393	9730754	9730755	9730756	/lustre/home/2501111916/workspace/XPUPIM_0226_gpupim_parameter/TriForm/verify/hw_hardware_1gpu_2aim/st12/llama_7b_bf16_b1_s12/pd_262x2393.merge.csv
@collect_pd_262x2393	-	-	9730757	/lustre/home/2501111916/workspace/XPUPIM_0226_gpupim_parameter/TriForm/verify/hw_hardware_1gpu_2aim/st12/llama_7b_bf16_b1_s12/pd_262x2393.merge_all.csv
pd_262x262	9730758	9730759	9730760	/lustre/home/2501111916/workspace/XPUPIM_0226_gpupim_parameter/TriForm/verify/hw_hardware_1gpu_2aim/st12/llama_7b_bf16_b1_s12/pd_262x262.merge.csv
@collect_pd_262x262	-	-	9730761	/lustre/home/2501111916/workspace/XPUPIM_0226_gpupim_parameter/TriForm/verify/hw_hardware_1gpu_2aim/st12/llama_7b_bf16_b1_s12/pd_262x262.merge_all.csv
pd_262x403	9730762	9730763	9730764	/lustre/home/2501111916/workspace/XPUPIM_0226_gpupim_parameter/TriForm/verify/hw_hardware_1gpu_2aim/st12/llama_7b_bf16_b1_s12/pd_262x403.merge.csv
@collect_pd_262x403	-	-	9730765	/lustre/home/2501111916/workspace/XPUPIM_0226_gpupim_parameter/TriForm/verify/hw_hardware_1gpu_2aim/st12/llama_7b_bf16_b1_s12/pd_262x403.merge_all.csv
pd_262x67	9730766	9730767	9730768	/lustre/home/2501111916/workspace/XPUPIM_0226_gpupim_parameter/TriForm/verify/hw_hardware_1gpu_2aim/st12/llama_7b_bf16_b1_s12/pd_262x67.merge.csv
@collect_pd_262x67	-	-	9730769	/lustre/home/2501111916/workspace/XPUPIM_0226_gpupim_parameter/TriForm/verify/hw_hardware_1gpu_2aim/st12/llama_7b_bf16_b1_s12/pd_262x67.merge_all.csv
weights_on_pim_262x128	9730770	9730771	9730772	/lustre/home/2501111916/workspace/XPUPIM_0226_gpupim_parameter/TriForm/verify/hw_hardware_1gpu_2aim/st12/llama_7b_bf16_b1_s12/weights_on_pim_262x128.merge.csv
@collect_weights_on_pim_262x128	-	-	9730773	/lustre/home/2501111916/workspace/XPUPIM_0226_gpupim_parameter/TriForm/verify/hw_hardware_1gpu_2aim/st12/llama_7b_bf16_b1_s12/weights_on_pim_262x128.merge_all.csv
weights_on_pim_262x1292	9730774	9730775	9730776	/lustre/home/2501111916/workspace/XPUPIM_0226_gpupim_parameter/TriForm/verify/hw_hardware_1gpu_2aim/st12/llama_7b_bf16_b1_s12/weights_on_pim_262x1292.merge.csv
@collect_weights_on_pim_262x1292	-	-	9730777	/lustre/home/2501111916/workspace/XPUPIM_0226_gpupim_parameter/TriForm/verify/hw_hardware_1gpu_2aim/st12/llama_7b_bf16_b1_s12/weights_on_pim_262x1292.merge_all.csv
weights_on_pim_262x2393	9730778	9730779	9730780	/lustre/home/2501111916/workspace/XPUPIM_0226_gpupim_parameter/TriForm/verify/hw_hardware_1gpu_2aim/st12/llama_7b_bf16_b1_s12/weights_on_pim_262x2393.merge.csv
@collect_weights_on_pim_262x2393	-	-	9730781	/lustre/home/2501111916/workspace/XPUPIM_0226_gpupim_parameter/TriForm/verify/hw_hardware_1gpu_2aim/st12/llama_7b_bf16_b1_s12/weights_on_pim_262x2393.merge_all.csv
weights_on_pim_262x262	9730782	9730783	9730784	/lustre/home/2501111916/workspace/XPUPIM_0226_gpupim_parameter/TriForm/verify/hw_hardware_1gpu_2aim/st12/llama_7b_bf16_b1_s12/weights_on_pim_262x262.merge.csv
@collect_weights_on_pim_262x262	-	-	9730785	/lustre/home/2501111916/workspace/XPUPIM_0226_gpupim_parameter/TriForm/verify/hw_hardware_1gpu_2aim/st12/llama_7b_bf16_b1_s12/weights_on_pim_262x262.merge_all.csv
weights_on_pim_262x403	9730786	9730787	9730788	/lustre/home/2501111916/workspace/XPUPIM_0226_gpupim_parameter/TriForm/verify/hw_hardware_1gpu_2aim/st12/llama_7b_bf16_b1_s12/weights_on_pim_262x403.merge.csv
@collect_weights_on_pim_262x403	-	-	9730789	/lustre/home/2501111916/workspace/XPUPIM_0226_gpupim_parameter/TriForm/verify/hw_hardware_1gpu_2aim/st12/llama_7b_bf16_b1_s12/weights_on_pim_262x403.merge_all.csv
weights_on_pim_262x67	9730790	9730791	9730792	/lustre/home/2501111916/workspace/XPUPIM_0226_gpupim_parameter/TriForm/verify/hw_hardware_1gpu_2aim/st12/llama_7b_bf16_b1_s12/weights_on_pim_262x67.merge.csv
@collect_weights_on_pim_262x67	-	-	9730793	/lustre/home/2501111916/workspace/XPUPIM_0226_gpupim_parameter/TriForm/verify/hw_hardware_1gpu_2aim/st12/llama_7b_bf16_b1_s12/weights_on_pim_262x67.merge_all.csv
