trace_file,op,dim,n_heads,n_kv_heads,seqlen,vector_dim,matrix_col,ffn_dim,with_af,cycles,returncode,ramulator_cmd,DRAM_column,DRAM_row,burst_length,num_banks,num_channels,threads,reuse_size,channels_per_block,max_seq_len
ffn_down/ffn_down_dim512_h16_hk16_seq2048.trace,ffn_down,512,16,16,2048,512,512,2048,0,2856,0,"./ramulator2 -f example.yaml -t traces/ffn_down/ffn_down_dim512_h16_hk16_seq2048.trace ",256,64,16,8,32,1,32,32,4096
ffn_down/ffn_down_dim512_h16_hk4_seq2048.trace,ffn_down,512,16,4,2048,512,512,2048,0,2856,0,"./ramulator2 -f example.yaml -t traces/ffn_down/ffn_down_dim512_h16_hk4_seq2048.trace ",256,64,16,8,32,1,32,32,4096
ffn_down/ffn_down_dim512_h32_hk32_seq2048.trace,ffn_down,512,32,32,2048,512,512,2048,0,2856,0,"./ramulator2 -f example.yaml -t traces/ffn_down/ffn_down_dim512_h32_hk32_seq2048.trace ",256,64,16,8,32,1,32,32,4096
ffn_down/ffn_down_dim512_h32_hk8_seq2048.trace,ffn_down,512,32,8,2048,512,512,2048,0,2856,0,"./ramulator2 -f example.yaml -t traces/ffn_down/ffn_down_dim512_h32_hk8_seq2048.trace ",256,64,16,8,32,1,32,32,4096
ffn_down/ffn_down_dim512_h8_hk2_seq2048.trace,ffn_down,512,8,2,2048,512,512,2048,0,2856,0,"./ramulator2 -f example.yaml -t traces/ffn_down/ffn_down_dim512_h8_hk2_seq2048.trace ",256,64,16,8,32,1,32,32,4096
ffn_down/ffn_down_dim512_h8_hk8_seq2048.trace,ffn_down,512,8,8,2048,512,512,2048,0,2856,0,"./ramulator2 -f example.yaml -t traces/ffn_down/ffn_down_dim512_h8_hk8_seq2048.trace ",256,64,16,8,32,1,32,32,4096
ffn_down/ffn_down_dim768_h12_hk12_seq2048.trace,ffn_down,768,12,12,2048,768,768,3072,0,5904,0,"./ramulator2 -f example.yaml -t traces/ffn_down/ffn_down_dim768_h12_hk12_seq2048.trace ",256,64,16,8,32,1,32,32,4096
ffn_down/ffn_down_dim768_h12_hk3_seq2048.trace,ffn_down,768,12,3,2048,768,768,3072,0,5904,0,"./ramulator2 -f example.yaml -t traces/ffn_down/ffn_down_dim768_h12_hk3_seq2048.trace ",256,64,16,8,32,1,32,32,4096
ffn_down/ffn_down_dim768_h8_hk2_seq2048.trace,ffn_down,768,8,2,2048,768,768,3072,0,5904,0,"./ramulator2 -f example.yaml -t traces/ffn_down/ffn_down_dim768_h8_hk2_seq2048.trace ",256,64,16,8,32,1,32,32,4096
ffn_down/ffn_down_dim768_h8_hk8_seq2048.trace,ffn_down,768,8,8,2048,768,768,3072,0,5904,0,"./ramulator2 -f example.yaml -t traces/ffn_down/ffn_down_dim768_h8_hk8_seq2048.trace ",256,64,16,8,32,1,32,32,4096
ffn_gate/ffn_gate_dim512_h16_hk16_seq2048.trace,ffn_gate,512,16,16,2048,512,2048,2048,0,2942,0,"./ramulator2 -f example.yaml -t traces/ffn_gate/ffn_gate_dim512_h16_hk16_seq2048.trace ",256,64,16,8,32,1,32,32,4096
ffn_gate/ffn_gate_dim512_h16_hk4_seq2048.trace,ffn_gate,512,16,4,2048,512,2048,2048,0,2942,0,"./ramulator2 -f example.yaml -t traces/ffn_gate/ffn_gate_dim512_h16_hk4_seq2048.trace ",256,64,16,8,32,1,32,32,4096
ffn_gate/ffn_gate_dim512_h32_hk32_seq2048.trace,ffn_gate,512,32,32,2048,512,2048,2048,0,2942,0,"./ramulator2 -f example.yaml -t traces/ffn_gate/ffn_gate_dim512_h32_hk32_seq2048.trace ",256,64,16,8,32,1,32,32,4096
ffn_gate/ffn_gate_dim512_h32_hk8_seq2048.trace,ffn_gate,512,32,8,2048,512,2048,2048,0,2942,0,"./ramulator2 -f example.yaml -t traces/ffn_gate/ffn_gate_dim512_h32_hk8_seq2048.trace ",256,64,16,8,32,1,32,32,4096
ffn_gate/ffn_gate_dim512_h8_hk2_seq2048.trace,ffn_gate,512,8,2,2048,512,2048,2048,0,2942,0,"./ramulator2 -f example.yaml -t traces/ffn_gate/ffn_gate_dim512_h8_hk2_seq2048.trace ",256,64,16,8,32,1,32,32,4096
ffn_gate/ffn_gate_dim512_h8_hk8_seq2048.trace,ffn_gate,512,8,8,2048,512,2048,2048,0,2942,0,"./ramulator2 -f example.yaml -t traces/ffn_gate/ffn_gate_dim512_h8_hk8_seq2048.trace ",256,64,16,8,32,1,32,32,4096
ffn_gate/ffn_gate_dim768_h12_hk12_seq2048.trace,ffn_gate,768,12,12,2048,768,3072,3072,0,6001,0,"./ramulator2 -f example.yaml -t traces/ffn_gate/ffn_gate_dim768_h12_hk12_seq2048.trace ",256,64,16,8,32,1,32,32,4096
ffn_gate/ffn_gate_dim768_h12_hk3_seq2048.trace,ffn_gate,768,12,3,2048,768,3072,3072,0,6001,0,"./ramulator2 -f example.yaml -t traces/ffn_gate/ffn_gate_dim768_h12_hk3_seq2048.trace ",256,64,16,8,32,1,32,32,4096
ffn_gate/ffn_gate_dim768_h8_hk2_seq2048.trace,ffn_gate,768,8,2,2048,768,3072,3072,0,6001,0,"./ramulator2 -f example.yaml -t traces/ffn_gate/ffn_gate_dim768_h8_hk2_seq2048.trace ",256,64,16,8,32,1,32,32,4096
ffn_gate/ffn_gate_dim768_h8_hk8_seq2048.trace,ffn_gate,768,8,8,2048,768,3072,3072,0,6001,0,"./ramulator2 -f example.yaml -t traces/ffn_gate/ffn_gate_dim768_h8_hk8_seq2048.trace ",256,64,16,8,32,1,32,32,4096
ffn_up/ffn_up_dim512_h16_hk16_seq2048.trace,ffn_up,512,16,16,2048,512,2048,2048,0,2334,0,"./ramulator2 -f example.yaml -t traces/ffn_up/ffn_up_dim512_h16_hk16_seq2048.trace ",256,64,16,8,32,1,32,32,4096
ffn_up/ffn_up_dim512_h16_hk4_seq2048.trace,ffn_up,512,16,4,2048,512,2048,2048,0,2334,0,"./ramulator2 -f example.yaml -t traces/ffn_up/ffn_up_dim512_h16_hk4_seq2048.trace ",256,64,16,8,32,1,32,32,4096
ffn_up/ffn_up_dim512_h32_hk32_seq2048.trace,ffn_up,512,32,32,2048,512,2048,2048,0,2334,0,"./ramulator2 -f example.yaml -t traces/ffn_up/ffn_up_dim512_h32_hk32_seq2048.trace ",256,64,16,8,32,1,32,32,4096
ffn_up/ffn_up_dim512_h32_hk8_seq2048.trace,ffn_up,512,32,8,2048,512,2048,2048,0,2334,0,"./ramulator2 -f example.yaml -t traces/ffn_up/ffn_up_dim512_h32_hk8_seq2048.trace ",256,64,16,8,32,1,32,32,4096
ffn_up/ffn_up_dim512_h8_hk2_seq2048.trace,ffn_up,512,8,2,2048,512,2048,2048,0,2334,0,"./ramulator2 -f example.yaml -t traces/ffn_up/ffn_up_dim512_h8_hk2_seq2048.trace ",256,64,16,8,32,1,32,32,4096
ffn_up/ffn_up_dim512_h8_hk8_seq2048.trace,ffn_up,512,8,8,2048,512,2048,2048,0,2334,0,"./ramulator2 -f example.yaml -t traces/ffn_up/ffn_up_dim512_h8_hk8_seq2048.trace ",256,64,16,8,32,1,32,32,4096
ffn_up/ffn_up_dim768_h12_hk12_seq2048.trace,ffn_up,768,12,12,2048,768,3072,3072,0,5121,0,"./ramulator2 -f example.yaml -t traces/ffn_up/ffn_up_dim768_h12_hk12_seq2048.trace ",256,64,16,8,32,1,32,32,4096
ffn_up/ffn_up_dim768_h12_hk3_seq2048.trace,ffn_up,768,12,3,2048,768,3072,3072,0,5121,0,"./ramulator2 -f example.yaml -t traces/ffn_up/ffn_up_dim768_h12_hk3_seq2048.trace ",256,64,16,8,32,1,32,32,4096
ffn_up/ffn_up_dim768_h8_hk2_seq2048.trace,ffn_up,768,8,2,2048,768,3072,3072,0,5121,0,"./ramulator2 -f example.yaml -t traces/ffn_up/ffn_up_dim768_h8_hk2_seq2048.trace ",256,64,16,8,32,1,32,32,4096
ffn_up/ffn_up_dim768_h8_hk8_seq2048.trace,ffn_up,768,8,8,2048,768,3072,3072,0,5121,0,"./ramulator2 -f example.yaml -t traces/ffn_up/ffn_up_dim768_h8_hk8_seq2048.trace ",256,64,16,8,32,1,32,32,4096
gelu/gelu_dim512_h16_hk16_seq2048.trace,gelu,512,16,16,2048,512,,2048,0,215,0,"./ramulator2 -f example.yaml -t traces/gelu/gelu_dim512_h16_hk16_seq2048.trace ",256,64,16,8,32,1,32,32,4096
gelu/gelu_dim512_h16_hk4_seq2048.trace,gelu,512,16,4,2048,512,,2048,0,215,0,"./ramulator2 -f example.yaml -t traces/gelu/gelu_dim512_h16_hk4_seq2048.trace ",256,64,16,8,32,1,32,32,4096
gelu/gelu_dim512_h32_hk32_seq2048.trace,gelu,512,32,32,2048,512,,2048,0,215,0,"./ramulator2 -f example.yaml -t traces/gelu/gelu_dim512_h32_hk32_seq2048.trace ",256,64,16,8,32,1,32,32,4096
gelu/gelu_dim512_h32_hk8_seq2048.trace,gelu,512,32,8,2048,512,,2048,0,215,0,"./ramulator2 -f example.yaml -t traces/gelu/gelu_dim512_h32_hk8_seq2048.trace ",256,64,16,8,32,1,32,32,4096
gelu/gelu_dim512_h8_hk2_seq2048.trace,gelu,512,8,2,2048,512,,2048,0,215,0,"./ramulator2 -f example.yaml -t traces/gelu/gelu_dim512_h8_hk2_seq2048.trace ",256,64,16,8,32,1,32,32,4096
gelu/gelu_dim512_h8_hk8_seq2048.trace,gelu,512,8,8,2048,512,,2048,0,215,0,"./ramulator2 -f example.yaml -t traces/gelu/gelu_dim512_h8_hk8_seq2048.trace ",256,64,16,8,32,1,32,32,4096
gelu/gelu_dim768_h12_hk12_seq2048.trace,gelu,768,12,12,2048,768,,3072,0,289,0,"./ramulator2 -f example.yaml -t traces/gelu/gelu_dim768_h12_hk12_seq2048.trace ",256,64,16,8,32,1,32,32,4096
gelu/gelu_dim768_h12_hk3_seq2048.trace,gelu,768,12,3,2048,768,,3072,0,289,0,"./ramulator2 -f example.yaml -t traces/gelu/gelu_dim768_h12_hk3_seq2048.trace ",256,64,16,8,32,1,32,32,4096
gelu/gelu_dim768_h8_hk2_seq2048.trace,gelu,768,8,2,2048,768,,3072,0,289,0,"./ramulator2 -f example.yaml -t traces/gelu/gelu_dim768_h8_hk2_seq2048.trace ",256,64,16,8,32,1,32,32,4096
gelu/gelu_dim768_h8_hk8_seq2048.trace,gelu,768,8,8,2048,768,,3072,0,289,0,"./ramulator2 -f example.yaml -t traces/gelu/gelu_dim768_h8_hk8_seq2048.trace ",256,64,16,8,32,1,32,32,4096
k_proj/k_proj_dim512_h16_hk16_seq2048.trace,k_proj,512,16,16,2048,512,512,2048,0,714,0,"./ramulator2 -f example.yaml -t traces/k_proj/k_proj_dim512_h16_hk16_seq2048.trace ",256,64,16,8,32,1,32,32,4096
k_proj/k_proj_dim512_h16_hk4_seq2048.trace,k_proj,512,16,4,2048,512,128,2048,0,444,0,"./ramulator2 -f example.yaml -t traces/k_proj/k_proj_dim512_h16_hk4_seq2048.trace ",256,64,16,8,32,1,32,32,4096
k_proj/k_proj_dim512_h32_hk32_seq2048.trace,k_proj,512,32,32,2048,512,512,2048,0,714,0,"./ramulator2 -f example.yaml -t traces/k_proj/k_proj_dim512_h32_hk32_seq2048.trace ",256,64,16,8,32,1,32,32,4096
k_proj/k_proj_dim512_h32_hk8_seq2048.trace,k_proj,512,32,8,2048,512,128,2048,0,444,0,"./ramulator2 -f example.yaml -t traces/k_proj/k_proj_dim512_h32_hk8_seq2048.trace ",256,64,16,8,32,1,32,32,4096
k_proj/k_proj_dim512_h8_hk2_seq2048.trace,k_proj,512,8,2,2048,512,128,2048,0,444,0,"./ramulator2 -f example.yaml -t traces/k_proj/k_proj_dim512_h8_hk2_seq2048.trace ",256,64,16,8,32,1,32,32,4096
k_proj/k_proj_dim512_h8_hk8_seq2048.trace,k_proj,512,8,8,2048,512,512,2048,0,714,0,"./ramulator2 -f example.yaml -t traces/k_proj/k_proj_dim512_h8_hk8_seq2048.trace ",256,64,16,8,32,1,32,32,4096
k_proj/k_proj_dim768_h12_hk12_seq2048.trace,k_proj,768,12,12,2048,768,768,3072,0,1476,0,"./ramulator2 -f example.yaml -t traces/k_proj/k_proj_dim768_h12_hk12_seq2048.trace ",256,64,16,8,32,1,32,32,4096
k_proj/k_proj_dim768_h12_hk3_seq2048.trace,k_proj,768,12,3,2048,768,192,3072,0,666,0,"./ramulator2 -f example.yaml -t traces/k_proj/k_proj_dim768_h12_hk3_seq2048.trace ",256,64,16,8,32,1,32,32,4096
k_proj/k_proj_dim768_h8_hk2_seq2048.trace,k_proj,768,8,2,2048,768,192,3072,0,666,0,"./ramulator2 -f example.yaml -t traces/k_proj/k_proj_dim768_h8_hk2_seq2048.trace ",256,64,16,8,32,1,32,32,4096
k_proj/k_proj_dim768_h8_hk8_seq2048.trace,k_proj,768,8,8,2048,768,768,3072,0,1476,0,"./ramulator2 -f example.yaml -t traces/k_proj/k_proj_dim768_h8_hk8_seq2048.trace ",256,64,16,8,32,1,32,32,4096
output/output_dim512_h16_hk16_seq2048.trace,output,512,16,16,2048,512,,2048,0,12592,0,"./ramulator2 -f example.yaml -t traces/output/output_dim512_h16_hk16_seq2048.trace ",256,64,16,8,32,1,32,32,4096
output/output_dim512_h16_hk4_seq2048.trace,output,512,16,4,2048,512,,2048,0,50368,0,"./ramulator2 -f example.yaml -t traces/output/output_dim512_h16_hk4_seq2048.trace ",256,64,16,8,32,1,32,32,4096
output/output_dim512_h32_hk32_seq2048.trace,output,512,32,32,2048,512,,2048,0,6544,0,"./ramulator2 -f example.yaml -t traces/output/output_dim512_h32_hk32_seq2048.trace ",256,64,16,8,32,1,32,32,4096
output/output_dim512_h32_hk8_seq2048.trace,output,512,32,8,2048,512,,2048,0,26176,0,"./ramulator2 -f example.yaml -t traces/output/output_dim512_h32_hk8_seq2048.trace ",256,64,16,8,32,1,32,32,4096
output/output_dim512_h8_hk2_seq2048.trace,output,512,8,2,2048,512,,2048,0,98752,0,"./ramulator2 -f example.yaml -t traces/output/output_dim512_h8_hk2_seq2048.trace ",256,64,16,8,32,1,32,32,4096
output/output_dim512_h8_hk8_seq2048.trace,output,512,8,8,2048,512,,2048,0,24688,0,"./ramulator2 -f example.yaml -t traces/output/output_dim512_h8_hk8_seq2048.trace ",256,64,16,8,32,1,32,32,4096
output/output_dim768_h12_hk12_seq2048.trace,output,768,12,12,2048,768,,3072,0,24688,0,"./ramulator2 -f example.yaml -t traces/output/output_dim768_h12_hk12_seq2048.trace ",256,64,16,8,32,1,32,32,4096
output/output_dim768_h12_hk3_seq2048.trace,output,768,12,3,2048,768,,3072,0,98752,0,"./ramulator2 -f example.yaml -t traces/output/output_dim768_h12_hk3_seq2048.trace ",256,64,16,8,32,1,32,32,4096
output/output_dim768_h8_hk2_seq2048.trace,output,768,8,2,2048,768,,3072,0,147136,0,"./ramulator2 -f example.yaml -t traces/output/output_dim768_h8_hk2_seq2048.trace ",256,64,16,8,32,1,32,32,4096
output/output_dim768_h8_hk8_seq2048.trace,output,768,8,8,2048,768,,3072,0,36784,0,"./ramulator2 -f example.yaml -t traces/output/output_dim768_h8_hk8_seq2048.trace ",256,64,16,8,32,1,32,32,4096
q_proj/q_proj_dim512_h16_hk16_seq2048.trace,q_proj,512,16,16,2048,512,512,2048,0,714,0,"./ramulator2 -f example.yaml -t traces/q_proj/q_proj_dim512_h16_hk16_seq2048.trace ",256,64,16,8,32,1,32,32,4096
q_proj/q_proj_dim512_h16_hk4_seq2048.trace,q_proj,512,16,4,2048,512,512,2048,0,714,0,"./ramulator2 -f example.yaml -t traces/q_proj/q_proj_dim512_h16_hk4_seq2048.trace ",256,64,16,8,32,1,32,32,4096
q_proj/q_proj_dim512_h32_hk32_seq2048.trace,q_proj,512,32,32,2048,512,512,2048,0,714,0,"./ramulator2 -f example.yaml -t traces/q_proj/q_proj_dim512_h32_hk32_seq2048.trace ",256,64,16,8,32,1,32,32,4096
q_proj/q_proj_dim512_h32_hk8_seq2048.trace,q_proj,512,32,8,2048,512,512,2048,0,714,0,"./ramulator2 -f example.yaml -t traces/q_proj/q_proj_dim512_h32_hk8_seq2048.trace ",256,64,16,8,32,1,32,32,4096
q_proj/q_proj_dim512_h8_hk2_seq2048.trace,q_proj,512,8,2,2048,512,512,2048,0,714,0,"./ramulator2 -f example.yaml -t traces/q_proj/q_proj_dim512_h8_hk2_seq2048.trace ",256,64,16,8,32,1,32,32,4096
q_proj/q_proj_dim512_h8_hk8_seq2048.trace,q_proj,512,8,8,2048,512,512,2048,0,714,0,"./ramulator2 -f example.yaml -t traces/q_proj/q_proj_dim512_h8_hk8_seq2048.trace ",256,64,16,8,32,1,32,32,4096
q_proj/q_proj_dim768_h12_hk12_seq2048.trace,q_proj,768,12,12,2048,768,768,3072,0,1476,0,"./ramulator2 -f example.yaml -t traces/q_proj/q_proj_dim768_h12_hk12_seq2048.trace ",256,64,16,8,32,1,32,32,4096
q_proj/q_proj_dim768_h12_hk3_seq2048.trace,q_proj,768,12,3,2048,768,768,3072,0,1476,0,"./ramulator2 -f example.yaml -t traces/q_proj/q_proj_dim768_h12_hk3_seq2048.trace ",256,64,16,8,32,1,32,32,4096
q_proj/q_proj_dim768_h8_hk2_seq2048.trace,q_proj,768,8,2,2048,768,768,3072,0,1476,0,"./ramulator2 -f example.yaml -t traces/q_proj/q_proj_dim768_h8_hk2_seq2048.trace ",256,64,16,8,32,1,32,32,4096
q_proj/q_proj_dim768_h8_hk8_seq2048.trace,q_proj,768,8,8,2048,768,768,3072,0,1476,0,"./ramulator2 -f example.yaml -t traces/q_proj/q_proj_dim768_h8_hk8_seq2048.trace ",256,64,16,8,32,1,32,32,4096
residual/residual_dim512_h16_hk16_seq2048.trace,residual,512,16,16,2048,512,,2048,0,3,0,"./ramulator2 -f example.yaml -t traces/residual/residual_dim512_h16_hk16_seq2048.trace ",256,64,16,8,32,1,32,32,4096
residual/residual_dim512_h16_hk4_seq2048.trace,residual,512,16,4,2048,512,,2048,0,3,0,"./ramulator2 -f example.yaml -t traces/residual/residual_dim512_h16_hk4_seq2048.trace ",256,64,16,8,32,1,32,32,4096
residual/residual_dim512_h32_hk32_seq2048.trace,residual,512,32,32,2048,512,,2048,0,3,0,"./ramulator2 -f example.yaml -t traces/residual/residual_dim512_h32_hk32_seq2048.trace ",256,64,16,8,32,1,32,32,4096
residual/residual_dim512_h32_hk8_seq2048.trace,residual,512,32,8,2048,512,,2048,0,3,0,"./ramulator2 -f example.yaml -t traces/residual/residual_dim512_h32_hk8_seq2048.trace ",256,64,16,8,32,1,32,32,4096
residual/residual_dim512_h8_hk2_seq2048.trace,residual,512,8,2,2048,512,,2048,0,3,0,"./ramulator2 -f example.yaml -t traces/residual/residual_dim512_h8_hk2_seq2048.trace ",256,64,16,8,32,1,32,32,4096
residual/residual_dim512_h8_hk8_seq2048.trace,residual,512,8,8,2048,512,,2048,0,3,0,"./ramulator2 -f example.yaml -t traces/residual/residual_dim512_h8_hk8_seq2048.trace ",256,64,16,8,32,1,32,32,4096
residual/residual_dim768_h12_hk12_seq2048.trace,residual,768,12,12,2048,768,,3072,0,3,0,"./ramulator2 -f example.yaml -t traces/residual/residual_dim768_h12_hk12_seq2048.trace ",256,64,16,8,32,1,32,32,4096
residual/residual_dim768_h12_hk3_seq2048.trace,residual,768,12,3,2048,768,,3072,0,3,0,"./ramulator2 -f example.yaml -t traces/residual/residual_dim768_h12_hk3_seq2048.trace ",256,64,16,8,32,1,32,32,4096
residual/residual_dim768_h8_hk2_seq2048.trace,residual,768,8,2,2048,768,,3072,0,3,0,"./ramulator2 -f example.yaml -t traces/residual/residual_dim768_h8_hk2_seq2048.trace ",256,64,16,8,32,1,32,32,4096
residual/residual_dim768_h8_hk8_seq2048.trace,residual,768,8,8,2048,768,,3072,0,3,0,"./ramulator2 -f example.yaml -t traces/residual/residual_dim768_h8_hk8_seq2048.trace ",256,64,16,8,32,1,32,32,4096
rmsnorm/rmsnorm_dim512_h16_hk16_seq2048.trace,rmsnorm,512,16,16,2048,512,,2048,0,836,0,"./ramulator2 -f example.yaml -t traces/rmsnorm/rmsnorm_dim512_h16_hk16_seq2048.trace ",256,64,16,8,32,1,32,32,4096
rmsnorm/rmsnorm_dim512_h16_hk4_seq2048.trace,rmsnorm,512,16,4,2048,512,,2048,0,836,0,"./ramulator2 -f example.yaml -t traces/rmsnorm/rmsnorm_dim512_h16_hk4_seq2048.trace ",256,64,16,8,32,1,32,32,4096
rmsnorm/rmsnorm_dim512_h32_hk32_seq2048.trace,rmsnorm,512,32,32,2048,512,,2048,0,836,0,"./ramulator2 -f example.yaml -t traces/rmsnorm/rmsnorm_dim512_h32_hk32_seq2048.trace ",256,64,16,8,32,1,32,32,4096
rmsnorm/rmsnorm_dim512_h32_hk8_seq2048.trace,rmsnorm,512,32,8,2048,512,,2048,0,836,0,"./ramulator2 -f example.yaml -t traces/rmsnorm/rmsnorm_dim512_h32_hk8_seq2048.trace ",256,64,16,8,32,1,32,32,4096
rmsnorm/rmsnorm_dim512_h8_hk2_seq2048.trace,rmsnorm,512,8,2,2048,512,,2048,0,836,0,"./ramulator2 -f example.yaml -t traces/rmsnorm/rmsnorm_dim512_h8_hk2_seq2048.trace ",256,64,16,8,32,1,32,32,4096
rmsnorm/rmsnorm_dim512_h8_hk8_seq2048.trace,rmsnorm,512,8,8,2048,512,,2048,0,836,0,"./ramulator2 -f example.yaml -t traces/rmsnorm/rmsnorm_dim512_h8_hk8_seq2048.trace ",256,64,16,8,32,1,32,32,4096
rmsnorm/rmsnorm_dim768_h12_hk12_seq2048.trace,rmsnorm,768,12,12,2048,768,,3072,0,836,0,"./ramulator2 -f example.yaml -t traces/rmsnorm/rmsnorm_dim768_h12_hk12_seq2048.trace ",256,64,16,8,32,1,32,32,4096
rmsnorm/rmsnorm_dim768_h12_hk3_seq2048.trace,rmsnorm,768,12,3,2048,768,,3072,0,836,0,"./ramulator2 -f example.yaml -t traces/rmsnorm/rmsnorm_dim768_h12_hk3_seq2048.trace ",256,64,16,8,32,1,32,32,4096
rmsnorm/rmsnorm_dim768_h8_hk2_seq2048.trace,rmsnorm,768,8,2,2048,768,,3072,0,836,0,"./ramulator2 -f example.yaml -t traces/rmsnorm/rmsnorm_dim768_h8_hk2_seq2048.trace ",256,64,16,8,32,1,32,32,4096
rmsnorm/rmsnorm_dim768_h8_hk8_seq2048.trace,rmsnorm,768,8,8,2048,768,,3072,0,836,0,"./ramulator2 -f example.yaml -t traces/rmsnorm/rmsnorm_dim768_h8_hk8_seq2048.trace ",256,64,16,8,32,1,32,32,4096
rope/rope_dim512_h16_hk16_seq2048.trace,rope,512,16,16,2048,512,,2048,0,1151,0,"./ramulator2 -f example.yaml -t traces/rope/rope_dim512_h16_hk16_seq2048.trace ",256,64,16,8,32,1,32,32,4096
rope/rope_dim512_h16_hk4_seq2048.trace,rope,512,16,4,2048,512,,2048,0,1151,0,"./ramulator2 -f example.yaml -t traces/rope/rope_dim512_h16_hk4_seq2048.trace ",256,64,16,8,32,1,32,32,4096
rope/rope_dim512_h32_hk32_seq2048.trace,rope,512,32,32,2048,512,,2048,0,1151,0,"./ramulator2 -f example.yaml -t traces/rope/rope_dim512_h32_hk32_seq2048.trace ",256,64,16,8,32,1,32,32,4096
rope/rope_dim512_h32_hk8_seq2048.trace,rope,512,32,8,2048,512,,2048,0,1151,0,"./ramulator2 -f example.yaml -t traces/rope/rope_dim512_h32_hk8_seq2048.trace ",256,64,16,8,32,1,32,32,4096
rope/rope_dim512_h8_hk2_seq2048.trace,rope,512,8,2,2048,512,,2048,0,1151,0,"./ramulator2 -f example.yaml -t traces/rope/rope_dim512_h8_hk2_seq2048.trace ",256,64,16,8,32,1,32,32,4096
rope/rope_dim512_h8_hk8_seq2048.trace,rope,512,8,8,2048,512,,2048,0,1151,0,"./ramulator2 -f example.yaml -t traces/rope/rope_dim512_h8_hk8_seq2048.trace ",256,64,16,8,32,1,32,32,4096
rope/rope_dim768_h12_hk12_seq2048.trace,rope,768,12,12,2048,768,,3072,0,1663,0,"./ramulator2 -f example.yaml -t traces/rope/rope_dim768_h12_hk12_seq2048.trace ",256,64,16,8,32,1,32,32,4096
rope/rope_dim768_h12_hk3_seq2048.trace,rope,768,12,3,2048,768,,3072,0,1663,0,"./ramulator2 -f example.yaml -t traces/rope/rope_dim768_h12_hk3_seq2048.trace ",256,64,16,8,32,1,32,32,4096
rope/rope_dim768_h8_hk2_seq2048.trace,rope,768,8,2,2048,768,,3072,0,895,0,"./ramulator2 -f example.yaml -t traces/rope/rope_dim768_h8_hk2_seq2048.trace ",256,64,16,8,32,1,32,32,4096
rope/rope_dim768_h8_hk8_seq2048.trace,rope,768,8,8,2048,768,,3072,0,895,0,"./ramulator2 -f example.yaml -t traces/rope/rope_dim768_h8_hk8_seq2048.trace ",256,64,16,8,32,1,32,32,4096
score/score_dim512_h16_hk16_seq2048.trace,score,512,16,16,2048,512,,2048,0,22784,0,"./ramulator2 -f example.yaml -t traces/score/score_dim512_h16_hk16_seq2048.trace ",256,64,16,8,32,1,32,32,4096
score/score_dim512_h16_hk4_seq2048.trace,score,512,16,4,2048,512,,2048,0,41168,0,"./ramulator2 -f example.yaml -t traces/score/score_dim512_h16_hk4_seq2048.trace ",256,64,16,8,32,1,32,32,4096
score/score_dim512_h32_hk32_seq2048.trace,score,512,32,32,2048,512,,2048,0,40704,0,"./ramulator2 -f example.yaml -t traces/score/score_dim512_h32_hk32_seq2048.trace ",256,64,16,8,32,1,32,32,4096
score/score_dim512_h32_hk8_seq2048.trace,score,512,32,8,2048,512,,2048,0,77008,0,"./ramulator2 -f example.yaml -t traces/score/score_dim512_h32_hk8_seq2048.trace ",256,64,16,8,32,1,32,32,4096
score/score_dim512_h8_hk2_seq2048.trace,score,512,8,2,2048,512,,2048,0,23248,0,"./ramulator2 -f example.yaml -t traces/score/score_dim512_h8_hk2_seq2048.trace ",256,64,16,8,32,1,32,32,4096
score/score_dim512_h8_hk8_seq2048.trace,score,512,8,8,2048,512,,2048,0,13824,0,"./ramulator2 -f example.yaml -t traces/score/score_dim512_h8_hk8_seq2048.trace ",256,64,16,8,32,1,32,32,4096
score/score_dim768_h12_hk12_seq2048.trace,score,768,12,12,2048,768,,3072,0,20736,0,"./ramulator2 -f example.yaml -t traces/score/score_dim768_h12_hk12_seq2048.trace ",256,64,16,8,32,1,32,32,4096
score/score_dim768_h12_hk3_seq2048.trace,score,768,12,3,2048,768,,3072,0,23248,0,"./ramulator2 -f example.yaml -t traces/score/score_dim768_h12_hk3_seq2048.trace ",256,64,16,8,32,1,32,32,4096
score/score_dim768_h8_hk2_seq2048.trace,score,768,8,2,2048,768,,3072,0,13776,0,"./ramulator2 -f example.yaml -t traces/score/score_dim768_h8_hk2_seq2048.trace ",256,64,16,8,32,1,32,32,4096
score/score_dim768_h8_hk8_seq2048.trace,score,768,8,8,2048,768,,3072,0,13632,0,"./ramulator2 -f example.yaml -t traces/score/score_dim768_h8_hk8_seq2048.trace ",256,64,16,8,32,1,32,32,4096
silu/silu_dim512_h16_hk16_seq2048.trace,silu,512,16,16,2048,512,,2048,0,215,0,"./ramulator2 -f example.yaml -t traces/silu/silu_dim512_h16_hk16_seq2048.trace ",256,64,16,8,32,1,32,32,4096
silu/silu_dim512_h16_hk4_seq2048.trace,silu,512,16,4,2048,512,,2048,0,215,0,"./ramulator2 -f example.yaml -t traces/silu/silu_dim512_h16_hk4_seq2048.trace ",256,64,16,8,32,1,32,32,4096
silu/silu_dim512_h32_hk32_seq2048.trace,silu,512,32,32,2048,512,,2048,0,215,0,"./ramulator2 -f example.yaml -t traces/silu/silu_dim512_h32_hk32_seq2048.trace ",256,64,16,8,32,1,32,32,4096
silu/silu_dim512_h32_hk8_seq2048.trace,silu,512,32,8,2048,512,,2048,0,215,0,"./ramulator2 -f example.yaml -t traces/silu/silu_dim512_h32_hk8_seq2048.trace ",256,64,16,8,32,1,32,32,4096
silu/silu_dim512_h8_hk2_seq2048.trace,silu,512,8,2,2048,512,,2048,0,215,0,"./ramulator2 -f example.yaml -t traces/silu/silu_dim512_h8_hk2_seq2048.trace ",256,64,16,8,32,1,32,32,4096
silu/silu_dim512_h8_hk8_seq2048.trace,silu,512,8,8,2048,512,,2048,0,215,0,"./ramulator2 -f example.yaml -t traces/silu/silu_dim512_h8_hk8_seq2048.trace ",256,64,16,8,32,1,32,32,4096
silu/silu_dim768_h12_hk12_seq2048.trace,silu,768,12,12,2048,768,,3072,0,289,0,"./ramulator2 -f example.yaml -t traces/silu/silu_dim768_h12_hk12_seq2048.trace ",256,64,16,8,32,1,32,32,4096
silu/silu_dim768_h12_hk3_seq2048.trace,silu,768,12,3,2048,768,,3072,0,289,0,"./ramulator2 -f example.yaml -t traces/silu/silu_dim768_h12_hk3_seq2048.trace ",256,64,16,8,32,1,32,32,4096
silu/silu_dim768_h8_hk2_seq2048.trace,silu,768,8,2,2048,768,,3072,0,289,0,"./ramulator2 -f example.yaml -t traces/silu/silu_dim768_h8_hk2_seq2048.trace ",256,64,16,8,32,1,32,32,4096
silu/silu_dim768_h8_hk8_seq2048.trace,silu,768,8,8,2048,768,,3072,0,289,0,"./ramulator2 -f example.yaml -t traces/silu/silu_dim768_h8_hk8_seq2048.trace ",256,64,16,8,32,1,32,32,4096
softmax/softmax_dim512_h16_hk16_seq2048.trace,softmax,512,16,16,2048,512,,2048,0,15399,0,"./ramulator2 -f example.yaml -t traces/softmax/softmax_dim512_h16_hk16_seq2048.trace ",256,64,16,8,32,1,32,32,4096
softmax/softmax_dim512_h16_hk4_seq2048.trace,softmax,512,16,4,2048,512,,2048,0,15399,0,"./ramulator2 -f example.yaml -t traces/softmax/softmax_dim512_h16_hk4_seq2048.trace ",256,64,16,8,32,1,32,32,4096
softmax/softmax_dim512_h32_hk32_seq2048.trace,softmax,512,32,32,2048,512,,2048,0,27255,0,"./ramulator2 -f example.yaml -t traces/softmax/softmax_dim512_h32_hk32_seq2048.trace ",256,64,16,8,32,1,32,32,4096
softmax/softmax_dim512_h32_hk8_seq2048.trace,softmax,512,32,8,2048,512,,2048,0,27255,0,"./ramulator2 -f example.yaml -t traces/softmax/softmax_dim512_h32_hk8_seq2048.trace ",256,64,16,8,32,1,32,32,4096
softmax/softmax_dim512_h8_hk2_seq2048.trace,softmax,512,8,2,2048,512,,2048,0,9903,0,"./ramulator2 -f example.yaml -t traces/softmax/softmax_dim512_h8_hk2_seq2048.trace ",256,64,16,8,32,1,32,32,4096
softmax/softmax_dim512_h8_hk8_seq2048.trace,softmax,512,8,8,2048,512,,2048,0,9903,0,"./ramulator2 -f example.yaml -t traces/softmax/softmax_dim512_h8_hk8_seq2048.trace ",256,64,16,8,32,1,32,32,4096
softmax/softmax_dim768_h12_hk12_seq2048.trace,softmax,768,12,12,2048,768,,3072,0,12439,0,"./ramulator2 -f example.yaml -t traces/softmax/softmax_dim768_h12_hk12_seq2048.trace ",256,64,16,8,32,1,32,32,4096
softmax/softmax_dim768_h12_hk3_seq2048.trace,softmax,768,12,3,2048,768,,3072,0,12439,0,"./ramulator2 -f example.yaml -t traces/softmax/softmax_dim768_h12_hk3_seq2048.trace ",256,64,16,8,32,1,32,32,4096
softmax/softmax_dim768_h8_hk2_seq2048.trace,softmax,768,8,2,2048,768,,3072,0,9903,0,"./ramulator2 -f example.yaml -t traces/softmax/softmax_dim768_h8_hk2_seq2048.trace ",256,64,16,8,32,1,32,32,4096
softmax/softmax_dim768_h8_hk8_seq2048.trace,softmax,768,8,8,2048,768,,3072,0,9903,0,"./ramulator2 -f example.yaml -t traces/softmax/softmax_dim768_h8_hk8_seq2048.trace ",256,64,16,8,32,1,32,32,4096
v_proj/v_proj_dim512_h16_hk16_seq2048.trace,v_proj,512,16,16,2048,512,512,2048,0,714,0,"./ramulator2 -f example.yaml -t traces/v_proj/v_proj_dim512_h16_hk16_seq2048.trace ",256,64,16,8,32,1,32,32,4096
v_proj/v_proj_dim512_h16_hk4_seq2048.trace,v_proj,512,16,4,2048,512,128,2048,0,444,0,"./ramulator2 -f example.yaml -t traces/v_proj/v_proj_dim512_h16_hk4_seq2048.trace ",256,64,16,8,32,1,32,32,4096
v_proj/v_proj_dim512_h32_hk32_seq2048.trace,v_proj,512,32,32,2048,512,512,2048,0,714,0,"./ramulator2 -f example.yaml -t traces/v_proj/v_proj_dim512_h32_hk32_seq2048.trace ",256,64,16,8,32,1,32,32,4096
v_proj/v_proj_dim512_h32_hk8_seq2048.trace,v_proj,512,32,8,2048,512,128,2048,0,444,0,"./ramulator2 -f example.yaml -t traces/v_proj/v_proj_dim512_h32_hk8_seq2048.trace ",256,64,16,8,32,1,32,32,4096
v_proj/v_proj_dim512_h8_hk2_seq2048.trace,v_proj,512,8,2,2048,512,128,2048,0,444,0,"./ramulator2 -f example.yaml -t traces/v_proj/v_proj_dim512_h8_hk2_seq2048.trace ",256,64,16,8,32,1,32,32,4096
v_proj/v_proj_dim512_h8_hk8_seq2048.trace,v_proj,512,8,8,2048,512,512,2048,0,714,0,"./ramulator2 -f example.yaml -t traces/v_proj/v_proj_dim512_h8_hk8_seq2048.trace ",256,64,16,8,32,1,32,32,4096
v_proj/v_proj_dim768_h12_hk12_seq2048.trace,v_proj,768,12,12,2048,768,768,3072,0,1476,0,"./ramulator2 -f example.yaml -t traces/v_proj/v_proj_dim768_h12_hk12_seq2048.trace ",256,64,16,8,32,1,32,32,4096
v_proj/v_proj_dim768_h12_hk3_seq2048.trace,v_proj,768,12,3,2048,768,192,3072,0,666,0,"./ramulator2 -f example.yaml -t traces/v_proj/v_proj_dim768_h12_hk3_seq2048.trace ",256,64,16,8,32,1,32,32,4096
v_proj/v_proj_dim768_h8_hk2_seq2048.trace,v_proj,768,8,2,2048,768,192,3072,0,666,0,"./ramulator2 -f example.yaml -t traces/v_proj/v_proj_dim768_h8_hk2_seq2048.trace ",256,64,16,8,32,1,32,32,4096
v_proj/v_proj_dim768_h8_hk8_seq2048.trace,v_proj,768,8,8,2048,768,768,3072,0,1476,0,"./ramulator2 -f example.yaml -t traces/v_proj/v_proj_dim768_h8_hk8_seq2048.trace ",256,64,16,8,32,1,32,32,4096
wo_proj/wo_proj_dim512_h16_hk16_seq2048.trace,wo_proj,512,16,16,2048,512,512,2048,0,714,0,"./ramulator2 -f example.yaml -t traces/wo_proj/wo_proj_dim512_h16_hk16_seq2048.trace ",256,64,16,8,32,1,32,32,4096
wo_proj/wo_proj_dim512_h16_hk4_seq2048.trace,wo_proj,512,16,4,2048,512,512,2048,0,714,0,"./ramulator2 -f example.yaml -t traces/wo_proj/wo_proj_dim512_h16_hk4_seq2048.trace ",256,64,16,8,32,1,32,32,4096
wo_proj/wo_proj_dim512_h32_hk32_seq2048.trace,wo_proj,512,32,32,2048,512,512,2048,0,714,0,"./ramulator2 -f example.yaml -t traces/wo_proj/wo_proj_dim512_h32_hk32_seq2048.trace ",256,64,16,8,32,1,32,32,4096
wo_proj/wo_proj_dim512_h32_hk8_seq2048.trace,wo_proj,512,32,8,2048,512,512,2048,0,714,0,"./ramulator2 -f example.yaml -t traces/wo_proj/wo_proj_dim512_h32_hk8_seq2048.trace ",256,64,16,8,32,1,32,32,4096
wo_proj/wo_proj_dim512_h8_hk2_seq2048.trace,wo_proj,512,8,2,2048,512,512,2048,0,714,0,"./ramulator2 -f example.yaml -t traces/wo_proj/wo_proj_dim512_h8_hk2_seq2048.trace ",256,64,16,8,32,1,32,32,4096
wo_proj/wo_proj_dim512_h8_hk8_seq2048.trace,wo_proj,512,8,8,2048,512,512,2048,0,714,0,"./ramulator2 -f example.yaml -t traces/wo_proj/wo_proj_dim512_h8_hk8_seq2048.trace ",256,64,16,8,32,1,32,32,4096
wo_proj/wo_proj_dim768_h12_hk12_seq2048.trace,wo_proj,768,12,12,2048,768,768,3072,0,1476,0,"./ramulator2 -f example.yaml -t traces/wo_proj/wo_proj_dim768_h12_hk12_seq2048.trace ",256,64,16,8,32,1,32,32,4096
wo_proj/wo_proj_dim768_h12_hk3_seq2048.trace,wo_proj,768,12,3,2048,768,768,3072,0,1476,0,"./ramulator2 -f example.yaml -t traces/wo_proj/wo_proj_dim768_h12_hk3_seq2048.trace ",256,64,16,8,32,1,32,32,4096
wo_proj/wo_proj_dim768_h8_hk2_seq2048.trace,wo_proj,768,8,2,2048,768,768,3072,0,1476,0,"./ramulator2 -f example.yaml -t traces/wo_proj/wo_proj_dim768_h8_hk2_seq2048.trace ",256,64,16,8,32,1,32,32,4096
wo_proj/wo_proj_dim768_h8_hk8_seq2048.trace,wo_proj,768,8,8,2048,768,768,3072,0,1476,0,"./ramulator2 -f example.yaml -t traces/wo_proj/wo_proj_dim768_h8_hk8_seq2048.trace ",256,64,16,8,32,1,32,32,4096
