schedule,phase,sample_step,token_index,layer,device,device_type,n_ops,ops_repr,schedule_sum_s,measured_s,measured_key,measured_step,measured_mode,schedule_sum_scaled_s,measured_scaled_s,delta_s,ratio,delta_scaled_s,ratio_scaled
heft_prefill-1024xdecode_64_ops_trace.csv,prefill,-1,-1,0,GPU0,npu,25,"LN:-1,Q:0,Q:1,K:0,K:1,V:0,V:1,QK:0,QK:1,Softmax:0,Softmax:1,SV:0,SV:1,O:0,O:1,Add:-1,LN:-1,FFN_W1:0,FFN_W3:0,FFN_W1:1,FFN_W3:1,SwiGLU:1,FFN_W2:0,FFN_W2:1,Add:-1",0.0262371208606888,0.0048177150726318365,npu|prefill|-1|2a331687201a3abf6e73ab65b42cfdd2,-1,sample_step,0.0262371208606888,0.0048177150726318365,-0.021419405788056962,0.1836220939870823,-0.021419405788056962,0.1836220939870823
heft_prefill-1024xdecode_64_ops_trace.csv,prefill,-1,-1,0,PIM0,pim,1,SwiGLU:0,0.002060288,0.000515072,pim|prefill|-1|09fa0d473c03d2ded15b4a74881ced42,-1,sample_step,0.002060288,0.000515072,-0.0015452159999999999,0.25,-0.0015452159999999999,0.25
heft_prefill-1024xdecode_64_ops_trace.csv,prefill,-1,-1,1,GPU0,npu,25,"LN:-1,Q:0,Q:1,K:0,K:1,V:0,V:1,QK:0,QK:1,Softmax:0,Softmax:1,SV:0,SV:1,O:0,O:1,Add:-1,LN:-1,FFN_W1:0,FFN_W3:0,FFN_W1:1,FFN_W3:1,SwiGLU:1,FFN_W2:0,FFN_W2:1,Add:-1",0.026237120860688995,0.0048177150726318365,npu|prefill|-1|2a331687201a3abf6e73ab65b42cfdd2,-1,sample_step,0.026237120860688995,0.0048177150726318365,-0.021419405788057157,0.18362209398708093,-0.021419405788057157,0.18362209398708093
heft_prefill-1024xdecode_64_ops_trace.csv,prefill,-1,-1,1,PIM0,pim,1,SwiGLU:0,0.002060288,0.000515072,pim|prefill|-1|09fa0d473c03d2ded15b4a74881ced42,-1,sample_step,0.002060288,0.000515072,-0.0015452159999999999,0.25,-0.0015452159999999999,0.25
heft_prefill-1024xdecode_64_ops_trace.csv,prefill,-1,-1,2,GPU0,npu,25,"LN:-1,Q:0,Q:1,K:0,K:1,V:0,V:1,QK:0,QK:1,Softmax:0,Softmax:1,SV:0,SV:1,O:0,O:1,Add:-1,LN:-1,FFN_W1:0,FFN_W3:0,FFN_W1:1,FFN_W3:1,SwiGLU:1,FFN_W2:0,FFN_W2:1,Add:-1",0.026237120860689002,0.0048177150726318365,npu|prefill|-1|2a331687201a3abf6e73ab65b42cfdd2,-1,sample_step,0.026237120860689002,0.0048177150726318365,-0.021419405788057164,0.18362209398708088,-0.021419405788057164,0.18362209398708088
heft_prefill-1024xdecode_64_ops_trace.csv,prefill,-1,-1,2,PIM0,pim,1,SwiGLU:0,0.0020602879999999,0.000515072,pim|prefill|-1|09fa0d473c03d2ded15b4a74881ced42,-1,sample_step,0.0020602879999999,0.000515072,-0.0015452159999999001,0.2500000000000121,-0.0015452159999999001,0.2500000000000121
heft_prefill-1024xdecode_64_ops_trace.csv,prefill,-1,-1,3,GPU0,npu,25,"LN:-1,Q:0,Q:1,K:0,K:1,V:0,V:1,QK:0,QK:1,Softmax:0,Softmax:1,SV:0,SV:1,O:0,O:1,Add:-1,LN:-1,FFN_W1:0,FFN_W3:0,FFN_W1:1,FFN_W3:1,SwiGLU:1,FFN_W2:0,FFN_W2:1,Add:-1",0.026237120860688988,0.0048177150726318365,npu|prefill|-1|2a331687201a3abf6e73ab65b42cfdd2,-1,sample_step,0.026237120860688988,0.0048177150726318365,-0.02141940578805715,0.183622093987081,-0.02141940578805715,0.183622093987081
heft_prefill-1024xdecode_64_ops_trace.csv,prefill,-1,-1,3,PIM0,pim,1,SwiGLU:0,0.0020602879999999,0.000515072,pim|prefill|-1|09fa0d473c03d2ded15b4a74881ced42,-1,sample_step,0.0020602879999999,0.000515072,-0.0015452159999999001,0.2500000000000121,-0.0015452159999999001,0.2500000000000121
heft_prefill-1024xdecode_64_ops_trace.csv,prefill,-1,-1,4,GPU0,npu,25,"LN:-1,Q:0,Q:1,K:0,K:1,V:0,V:1,QK:0,QK:1,Softmax:0,Softmax:1,SV:0,SV:1,O:0,O:1,Add:-1,LN:-1,FFN_W1:0,FFN_W3:0,FFN_W1:1,FFN_W3:1,SwiGLU:1,FFN_W2:0,FFN_W2:1,Add:-1",0.026237120860688974,0.0048177150726318365,npu|prefill|-1|2a331687201a3abf6e73ab65b42cfdd2,-1,sample_step,0.026237120860688974,0.0048177150726318365,-0.021419405788057136,0.18362209398708107,-0.021419405788057136,0.18362209398708107
heft_prefill-1024xdecode_64_ops_trace.csv,prefill,-1,-1,4,PIM0,pim,1,SwiGLU:0,0.0020602879999999,0.000515072,pim|prefill|-1|09fa0d473c03d2ded15b4a74881ced42,-1,sample_step,0.0020602879999999,0.000515072,-0.0015452159999999001,0.2500000000000121,-0.0015452159999999001,0.2500000000000121
heft_prefill-1024xdecode_64_ops_trace.csv,prefill,-1,-1,5,GPU0,npu,25,"LN:-1,Q:0,Q:1,K:0,K:1,V:0,V:1,QK:0,QK:1,Softmax:0,Softmax:1,SV:0,SV:1,O:0,O:1,Add:-1,LN:-1,FFN_W1:0,FFN_W3:0,FFN_W1:1,FFN_W3:1,SwiGLU:1,FFN_W2:0,FFN_W2:1,Add:-1",0.026237120860688974,0.0048177150726318365,npu|prefill|-1|2a331687201a3abf6e73ab65b42cfdd2,-1,sample_step,0.026237120860688974,0.0048177150726318365,-0.021419405788057136,0.18362209398708107,-0.021419405788057136,0.18362209398708107
heft_prefill-1024xdecode_64_ops_trace.csv,prefill,-1,-1,5,PIM0,pim,1,SwiGLU:0,0.0020602879999999,0.000515072,pim|prefill|-1|09fa0d473c03d2ded15b4a74881ced42,-1,sample_step,0.0020602879999999,0.000515072,-0.0015452159999999001,0.2500000000000121,-0.0015452159999999001,0.2500000000000121
heft_prefill-1024xdecode_64_ops_trace.csv,prefill,-1,-1,6,GPU0,npu,25,"LN:-1,Q:0,Q:1,K:0,K:1,V:0,V:1,QK:0,QK:1,Softmax:0,Softmax:1,SV:0,SV:1,O:0,O:1,Add:-1,LN:-1,FFN_W1:0,FFN_W3:0,FFN_W1:1,FFN_W3:1,SwiGLU:1,FFN_W2:0,FFN_W2:1,Add:-1",0.026237120860688974,0.0048177150726318365,npu|prefill|-1|2a331687201a3abf6e73ab65b42cfdd2,-1,sample_step,0.026237120860688974,0.0048177150726318365,-0.021419405788057136,0.18362209398708107,-0.021419405788057136,0.18362209398708107
heft_prefill-1024xdecode_64_ops_trace.csv,prefill,-1,-1,6,PIM0,pim,1,SwiGLU:0,0.0020602879999999,0.000515072,pim|prefill|-1|09fa0d473c03d2ded15b4a74881ced42,-1,sample_step,0.0020602879999999,0.000515072,-0.0015452159999999001,0.2500000000000121,-0.0015452159999999001,0.2500000000000121
heft_prefill-1024xdecode_64_ops_trace.csv,prefill,-1,-1,7,GPU0,npu,25,"LN:-1,Q:0,Q:1,K:0,K:1,V:0,V:1,QK:0,QK:1,Softmax:0,Softmax:1,SV:0,SV:1,O:0,O:1,Add:-1,LN:-1,FFN_W1:0,FFN_W3:0,FFN_W1:1,FFN_W3:1,SwiGLU:1,FFN_W2:0,FFN_W2:1,Add:-1",0.026237120860688974,0.0048177150726318365,npu|prefill|-1|2a331687201a3abf6e73ab65b42cfdd2,-1,sample_step,0.026237120860688974,0.0048177150726318365,-0.021419405788057136,0.18362209398708107,-0.021419405788057136,0.18362209398708107
heft_prefill-1024xdecode_64_ops_trace.csv,prefill,-1,-1,7,PIM0,pim,1,SwiGLU:0,0.0020602879999999,0.000515072,pim|prefill|-1|09fa0d473c03d2ded15b4a74881ced42,-1,sample_step,0.0020602879999999,0.000515072,-0.0015452159999999001,0.2500000000000121,-0.0015452159999999001,0.2500000000000121
heft_prefill-1024xdecode_64_ops_trace.csv,prefill,-1,-1,8,GPU0,npu,25,"LN:-1,Q:0,Q:1,K:0,K:1,V:0,V:1,QK:0,QK:1,Softmax:0,Softmax:1,SV:0,SV:1,O:0,O:1,Add:-1,LN:-1,FFN_W1:0,FFN_W3:0,FFN_W1:1,FFN_W3:1,SwiGLU:1,FFN_W2:0,FFN_W2:1,Add:-1",0.026237120860688946,0.0048177150726318365,npu|prefill|-1|2a331687201a3abf6e73ab65b42cfdd2,-1,sample_step,0.026237120860688946,0.0048177150726318365,-0.021419405788057108,0.18362209398708126,-0.021419405788057108,0.18362209398708126
heft_prefill-1024xdecode_64_ops_trace.csv,prefill,-1,-1,8,PIM0,pim,1,SwiGLU:0,0.0020602879999999,0.000515072,pim|prefill|-1|09fa0d473c03d2ded15b4a74881ced42,-1,sample_step,0.0020602879999999,0.000515072,-0.0015452159999999001,0.2500000000000121,-0.0015452159999999001,0.2500000000000121
heft_prefill-1024xdecode_64_ops_trace.csv,prefill,-1,-1,9,GPU0,npu,25,"LN:-1,Q:0,Q:1,K:0,K:1,V:0,V:1,QK:0,QK:1,Softmax:0,Softmax:1,SV:0,SV:1,O:0,O:1,Add:-1,LN:-1,FFN_W1:0,FFN_W3:0,FFN_W1:1,FFN_W3:1,SwiGLU:1,FFN_W2:0,FFN_W2:1,Add:-1",0.026237120860688915,0.0048177150726318365,npu|prefill|-1|2a331687201a3abf6e73ab65b42cfdd2,-1,sample_step,0.026237120860688915,0.0048177150726318365,-0.02141940578805708,0.18362209398708149,-0.02141940578805708,0.18362209398708149
heft_prefill-1024xdecode_64_ops_trace.csv,prefill,-1,-1,9,PIM0,pim,1,SwiGLU:0,0.002060288,0.000515072,pim|prefill|-1|09fa0d473c03d2ded15b4a74881ced42,-1,sample_step,0.002060288,0.000515072,-0.0015452159999999999,0.25,-0.0015452159999999999,0.25
heft_prefill-1024xdecode_64_ops_trace.csv,prefill,-1,-1,10,GPU0,npu,25,"LN:-1,Q:0,Q:1,K:0,K:1,V:0,V:1,QK:0,QK:1,Softmax:0,Softmax:1,SV:0,SV:1,O:0,O:1,Add:-1,LN:-1,FFN_W1:0,FFN_W3:0,FFN_W1:1,FFN_W3:1,SwiGLU:1,FFN_W2:0,FFN_W2:1,Add:-1",0.026237120860688915,0.0048177150726318365,npu|prefill|-1|2a331687201a3abf6e73ab65b42cfdd2,-1,sample_step,0.026237120860688915,0.0048177150726318365,-0.02141940578805708,0.18362209398708149,-0.02141940578805708,0.18362209398708149
heft_prefill-1024xdecode_64_ops_trace.csv,prefill,-1,-1,10,PIM0,pim,1,SwiGLU:0,0.002060288,0.000515072,pim|prefill|-1|09fa0d473c03d2ded15b4a74881ced42,-1,sample_step,0.002060288,0.000515072,-0.0015452159999999999,0.25,-0.0015452159999999999,0.25
heft_prefill-1024xdecode_64_ops_trace.csv,prefill,-1,-1,11,GPU0,npu,25,"LN:-1,Q:0,Q:1,K:0,K:1,V:0,V:1,QK:0,QK:1,Softmax:0,Softmax:1,SV:0,SV:1,O:0,O:1,Add:-1,LN:-1,FFN_W1:0,FFN_W3:0,FFN_W1:1,FFN_W3:1,SwiGLU:1,FFN_W2:0,FFN_W2:1,Add:-1",0.026237120860688915,0.0048177150726318365,npu|prefill|-1|2a331687201a3abf6e73ab65b42cfdd2,-1,sample_step,0.026237120860688915,0.0048177150726318365,-0.02141940578805708,0.18362209398708149,-0.02141940578805708,0.18362209398708149
heft_prefill-1024xdecode_64_ops_trace.csv,prefill,-1,-1,11,PIM0,pim,1,SwiGLU:0,0.002060288,0.000515072,pim|prefill|-1|09fa0d473c03d2ded15b4a74881ced42,-1,sample_step,0.002060288,0.000515072,-0.0015452159999999999,0.25,-0.0015452159999999999,0.25
heft_prefill-1024xdecode_64_ops_trace.csv,prefill,-1,-1,12,GPU0,npu,25,"LN:-1,Q:0,Q:1,K:0,K:1,V:0,V:1,QK:0,QK:1,Softmax:0,Softmax:1,SV:0,SV:1,O:0,O:1,Add:-1,LN:-1,FFN_W1:0,FFN_W3:0,FFN_W1:1,FFN_W3:1,SwiGLU:1,FFN_W2:0,FFN_W2:1,Add:-1",0.026237120860688915,0.0048177150726318365,npu|prefill|-1|2a331687201a3abf6e73ab65b42cfdd2,-1,sample_step,0.026237120860688915,0.0048177150726318365,-0.02141940578805708,0.18362209398708149,-0.02141940578805708,0.18362209398708149
heft_prefill-1024xdecode_64_ops_trace.csv,prefill,-1,-1,12,PIM0,pim,1,SwiGLU:0,0.002060288,0.000515072,pim|prefill|-1|09fa0d473c03d2ded15b4a74881ced42,-1,sample_step,0.002060288,0.000515072,-0.0015452159999999999,0.25,-0.0015452159999999999,0.25
heft_prefill-1024xdecode_64_ops_trace.csv,prefill,-1,-1,13,GPU0,npu,25,"LN:-1,Q:0,Q:1,K:0,K:1,V:0,V:1,QK:0,QK:1,Softmax:0,Softmax:1,SV:0,SV:1,O:0,O:1,Add:-1,LN:-1,FFN_W1:0,FFN_W3:0,FFN_W1:1,FFN_W3:1,SwiGLU:1,FFN_W2:0,FFN_W2:1,Add:-1",0.026237120860688915,0.0048177150726318365,npu|prefill|-1|2a331687201a3abf6e73ab65b42cfdd2,-1,sample_step,0.026237120860688915,0.0048177150726318365,-0.02141940578805708,0.18362209398708149,-0.02141940578805708,0.18362209398708149
heft_prefill-1024xdecode_64_ops_trace.csv,prefill,-1,-1,13,PIM0,pim,1,SwiGLU:0,0.002060288,0.000515072,pim|prefill|-1|09fa0d473c03d2ded15b4a74881ced42,-1,sample_step,0.002060288,0.000515072,-0.0015452159999999999,0.25,-0.0015452159999999999,0.25
heft_prefill-1024xdecode_64_ops_trace.csv,prefill,-1,-1,14,GPU0,npu,25,"LN:-1,Q:0,Q:1,K:0,K:1,V:0,V:1,QK:0,QK:1,Softmax:0,Softmax:1,SV:0,SV:1,O:0,O:1,Add:-1,LN:-1,FFN_W1:0,FFN_W3:0,FFN_W1:1,FFN_W3:1,SwiGLU:1,FFN_W2:0,FFN_W2:1,Add:-1",0.026237120860688915,0.0048177150726318365,npu|prefill|-1|2a331687201a3abf6e73ab65b42cfdd2,-1,sample_step,0.026237120860688915,0.0048177150726318365,-0.02141940578805708,0.18362209398708149,-0.02141940578805708,0.18362209398708149
heft_prefill-1024xdecode_64_ops_trace.csv,prefill,-1,-1,14,PIM0,pim,1,SwiGLU:0,0.002060288,0.000515072,pim|prefill|-1|09fa0d473c03d2ded15b4a74881ced42,-1,sample_step,0.002060288,0.000515072,-0.0015452159999999999,0.25,-0.0015452159999999999,0.25
heft_prefill-1024xdecode_64_ops_trace.csv,prefill,-1,-1,15,GPU0,npu,25,"LN:-1,Q:0,Q:1,K:0,K:1,V:0,V:1,QK:0,QK:1,Softmax:0,Softmax:1,SV:0,SV:1,O:0,O:1,Add:-1,LN:-1,FFN_W1:0,FFN_W3:0,FFN_W1:1,FFN_W3:1,SwiGLU:1,FFN_W2:0,FFN_W2:1,Add:-1",0.026237120860688915,0.0048177150726318365,npu|prefill|-1|2a331687201a3abf6e73ab65b42cfdd2,-1,sample_step,0.026237120860688915,0.0048177150726318365,-0.02141940578805708,0.18362209398708149,-0.02141940578805708,0.18362209398708149
heft_prefill-1024xdecode_64_ops_trace.csv,prefill,-1,-1,15,PIM0,pim,1,SwiGLU:0,0.002060288,0.000515072,pim|prefill|-1|09fa0d473c03d2ded15b4a74881ced42,-1,sample_step,0.002060288,0.000515072,-0.0015452159999999999,0.25,-0.0015452159999999999,0.25
heft_prefill-1024xdecode_64_ops_trace.csv,prefill,-1,-1,16,GPU0,npu,25,"LN:-1,Q:0,Q:1,K:0,K:1,V:0,V:1,QK:0,QK:1,Softmax:0,Softmax:1,SV:0,SV:1,O:0,O:1,Add:-1,LN:-1,FFN_W1:0,FFN_W3:0,FFN_W1:1,FFN_W3:1,SwiGLU:1,FFN_W2:0,FFN_W2:1,Add:-1",0.026237120860688915,0.0048177150726318365,npu|prefill|-1|2a331687201a3abf6e73ab65b42cfdd2,-1,sample_step,0.026237120860688915,0.0048177150726318365,-0.02141940578805708,0.18362209398708149,-0.02141940578805708,0.18362209398708149
heft_prefill-1024xdecode_64_ops_trace.csv,prefill,-1,-1,16,PIM0,pim,1,SwiGLU:0,0.002060288,0.000515072,pim|prefill|-1|09fa0d473c03d2ded15b4a74881ced42,-1,sample_step,0.002060288,0.000515072,-0.0015452159999999999,0.25,-0.0015452159999999999,0.25
heft_prefill-1024xdecode_64_ops_trace.csv,prefill,-1,-1,17,GPU0,npu,25,"LN:-1,Q:0,Q:1,K:0,K:1,V:0,V:1,QK:0,QK:1,Softmax:0,Softmax:1,SV:0,SV:1,O:0,O:1,Add:-1,LN:-1,FFN_W1:0,FFN_W3:0,FFN_W1:1,FFN_W3:1,SwiGLU:1,FFN_W2:0,FFN_W2:1,Add:-1",0.02623712086068886,0.0048177150726318365,npu|prefill|-1|2a331687201a3abf6e73ab65b42cfdd2,-1,sample_step,0.02623712086068886,0.0048177150726318365,-0.021419405788057025,0.18362209398708187,-0.021419405788057025,0.18362209398708187
heft_prefill-1024xdecode_64_ops_trace.csv,prefill,-1,-1,17,PIM0,pim,1,SwiGLU:0,0.002060288,0.000515072,pim|prefill|-1|09fa0d473c03d2ded15b4a74881ced42,-1,sample_step,0.002060288,0.000515072,-0.0015452159999999999,0.25,-0.0015452159999999999,0.25
heft_prefill-1024xdecode_64_ops_trace.csv,prefill,-1,-1,18,GPU0,npu,25,"LN:-1,Q:0,Q:1,K:0,K:1,V:0,V:1,QK:0,QK:1,Softmax:0,Softmax:1,SV:0,SV:1,O:0,O:1,Add:-1,LN:-1,FFN_W1:0,FFN_W3:0,FFN_W1:1,FFN_W3:1,SwiGLU:1,FFN_W2:0,FFN_W2:1,Add:-1",0.02623712086068886,0.0048177150726318365,npu|prefill|-1|2a331687201a3abf6e73ab65b42cfdd2,-1,sample_step,0.02623712086068886,0.0048177150726318365,-0.021419405788057025,0.18362209398708187,-0.021419405788057025,0.18362209398708187
heft_prefill-1024xdecode_64_ops_trace.csv,prefill,-1,-1,18,PIM0,pim,1,SwiGLU:0,0.002060288,0.000515072,pim|prefill|-1|09fa0d473c03d2ded15b4a74881ced42,-1,sample_step,0.002060288,0.000515072,-0.0015452159999999999,0.25,-0.0015452159999999999,0.25
heft_prefill-1024xdecode_64_ops_trace.csv,prefill,-1,-1,19,GPU0,npu,25,"LN:-1,Q:0,Q:1,K:0,K:1,V:0,V:1,QK:0,QK:1,Softmax:0,Softmax:1,SV:0,SV:1,O:0,O:1,Add:-1,LN:-1,FFN_W1:0,FFN_W3:0,FFN_W1:1,FFN_W3:1,SwiGLU:1,FFN_W2:0,FFN_W2:1,Add:-1",0.02623712086068886,0.0048177150726318365,npu|prefill|-1|2a331687201a3abf6e73ab65b42cfdd2,-1,sample_step,0.02623712086068886,0.0048177150726318365,-0.021419405788057025,0.18362209398708187,-0.021419405788057025,0.18362209398708187
heft_prefill-1024xdecode_64_ops_trace.csv,prefill,-1,-1,19,PIM0,pim,1,SwiGLU:0,0.002060288,0.000515072,pim|prefill|-1|09fa0d473c03d2ded15b4a74881ced42,-1,sample_step,0.002060288,0.000515072,-0.0015452159999999999,0.25,-0.0015452159999999999,0.25
heft_prefill-1024xdecode_64_ops_trace.csv,prefill,-1,-1,20,GPU0,npu,25,"LN:-1,Q:0,Q:1,K:0,K:1,V:0,V:1,QK:0,QK:1,Softmax:0,Softmax:1,SV:0,SV:1,O:0,O:1,Add:-1,LN:-1,FFN_W1:0,FFN_W3:0,FFN_W1:1,FFN_W3:1,SwiGLU:1,FFN_W2:0,FFN_W2:1,Add:-1",0.02623712086068886,0.0048177150726318365,npu|prefill|-1|2a331687201a3abf6e73ab65b42cfdd2,-1,sample_step,0.02623712086068886,0.0048177150726318365,-0.021419405788057025,0.18362209398708187,-0.021419405788057025,0.18362209398708187
heft_prefill-1024xdecode_64_ops_trace.csv,prefill,-1,-1,20,PIM0,pim,1,SwiGLU:0,0.002060288,0.000515072,pim|prefill|-1|09fa0d473c03d2ded15b4a74881ced42,-1,sample_step,0.002060288,0.000515072,-0.0015452159999999999,0.25,-0.0015452159999999999,0.25
heft_prefill-1024xdecode_64_ops_trace.csv,prefill,-1,-1,21,GPU0,npu,25,"LN:-1,Q:0,Q:1,K:0,K:1,V:0,V:1,QK:0,QK:1,Softmax:0,Softmax:1,SV:0,SV:1,O:0,O:1,Add:-1,LN:-1,FFN_W1:0,FFN_W3:0,FFN_W1:1,FFN_W3:1,SwiGLU:1,FFN_W2:0,FFN_W2:1,Add:-1",0.02623712086068886,0.0048177150726318365,npu|prefill|-1|2a331687201a3abf6e73ab65b42cfdd2,-1,sample_step,0.02623712086068886,0.0048177150726318365,-0.021419405788057025,0.18362209398708187,-0.021419405788057025,0.18362209398708187
heft_prefill-1024xdecode_64_ops_trace.csv,prefill,-1,-1,21,PIM0,pim,1,SwiGLU:0,0.002060288,0.000515072,pim|prefill|-1|09fa0d473c03d2ded15b4a74881ced42,-1,sample_step,0.002060288,0.000515072,-0.0015452159999999999,0.25,-0.0015452159999999999,0.25
heft_prefill-1024xdecode_64_ops_trace.csv,prefill,-1,-1,22,GPU0,npu,25,"LN:-1,Q:0,Q:1,K:0,K:1,V:0,V:1,QK:0,QK:1,Softmax:0,Softmax:1,SV:0,SV:1,O:0,O:1,Add:-1,LN:-1,FFN_W1:0,FFN_W3:0,FFN_W1:1,FFN_W3:1,SwiGLU:1,FFN_W2:0,FFN_W2:1,Add:-1",0.02623712086068886,0.0048177150726318365,npu|prefill|-1|2a331687201a3abf6e73ab65b42cfdd2,-1,sample_step,0.02623712086068886,0.0048177150726318365,-0.021419405788057025,0.18362209398708187,-0.021419405788057025,0.18362209398708187
heft_prefill-1024xdecode_64_ops_trace.csv,prefill,-1,-1,22,PIM0,pim,1,SwiGLU:0,0.002060288,0.000515072,pim|prefill|-1|09fa0d473c03d2ded15b4a74881ced42,-1,sample_step,0.002060288,0.000515072,-0.0015452159999999999,0.25,-0.0015452159999999999,0.25
heft_prefill-1024xdecode_64_ops_trace.csv,prefill,-1,-1,23,GPU0,npu,25,"LN:-1,Q:0,Q:1,K:0,K:1,V:0,V:1,QK:0,QK:1,Softmax:0,Softmax:1,SV:0,SV:1,O:0,O:1,Add:-1,LN:-1,FFN_W1:0,FFN_W3:0,FFN_W1:1,FFN_W3:1,SwiGLU:1,FFN_W2:0,FFN_W2:1,Add:-1",0.02623712086068886,0.0048177150726318365,npu|prefill|-1|2a331687201a3abf6e73ab65b42cfdd2,-1,sample_step,0.02623712086068886,0.0048177150726318365,-0.021419405788057025,0.18362209398708187,-0.021419405788057025,0.18362209398708187
heft_prefill-1024xdecode_64_ops_trace.csv,prefill,-1,-1,23,PIM0,pim,1,SwiGLU:0,0.002060288,0.000515072,pim|prefill|-1|09fa0d473c03d2ded15b4a74881ced42,-1,sample_step,0.002060288,0.000515072,-0.0015452159999999999,0.25,-0.0015452159999999999,0.25
heft_prefill-1024xdecode_64_ops_trace.csv,prefill,-1,-1,24,GPU0,npu,25,"LN:-1,Q:0,Q:1,K:0,K:1,V:0,V:1,QK:0,QK:1,Softmax:0,Softmax:1,SV:0,SV:1,O:0,O:1,Add:-1,LN:-1,FFN_W1:0,FFN_W3:0,FFN_W1:1,FFN_W3:1,SwiGLU:1,FFN_W2:0,FFN_W2:1,Add:-1",0.02623712086068886,0.0048177150726318365,npu|prefill|-1|2a331687201a3abf6e73ab65b42cfdd2,-1,sample_step,0.02623712086068886,0.0048177150726318365,-0.021419405788057025,0.18362209398708187,-0.021419405788057025,0.18362209398708187
heft_prefill-1024xdecode_64_ops_trace.csv,prefill,-1,-1,24,PIM0,pim,1,SwiGLU:0,0.002060288,0.000515072,pim|prefill|-1|09fa0d473c03d2ded15b4a74881ced42,-1,sample_step,0.002060288,0.000515072,-0.0015452159999999999,0.25,-0.0015452159999999999,0.25
heft_prefill-1024xdecode_64_ops_trace.csv,prefill,-1,-1,25,GPU0,npu,25,"LN:-1,Q:0,Q:1,K:0,K:1,V:0,V:1,QK:0,QK:1,Softmax:0,Softmax:1,SV:0,SV:1,O:0,O:1,Add:-1,LN:-1,FFN_W1:0,FFN_W3:0,FFN_W1:1,FFN_W3:1,SwiGLU:1,FFN_W2:0,FFN_W2:1,Add:-1",0.02623712086068886,0.0048177150726318365,npu|prefill|-1|2a331687201a3abf6e73ab65b42cfdd2,-1,sample_step,0.02623712086068886,0.0048177150726318365,-0.021419405788057025,0.18362209398708187,-0.021419405788057025,0.18362209398708187
heft_prefill-1024xdecode_64_ops_trace.csv,prefill,-1,-1,25,PIM0,pim,1,SwiGLU:0,0.002060288,0.000515072,pim|prefill|-1|09fa0d473c03d2ded15b4a74881ced42,-1,sample_step,0.002060288,0.000515072,-0.0015452159999999999,0.25,-0.0015452159999999999,0.25
heft_prefill-1024xdecode_64_ops_trace.csv,prefill,-1,-1,26,GPU0,npu,25,"LN:-1,Q:0,Q:1,K:0,K:1,V:0,V:1,QK:0,QK:1,Softmax:0,Softmax:1,SV:0,SV:1,O:0,O:1,Add:-1,LN:-1,FFN_W1:0,FFN_W3:0,FFN_W1:1,FFN_W3:1,SwiGLU:1,FFN_W2:0,FFN_W2:1,Add:-1",0.02623712086068886,0.0048177150726318365,npu|prefill|-1|2a331687201a3abf6e73ab65b42cfdd2,-1,sample_step,0.02623712086068886,0.0048177150726318365,-0.021419405788057025,0.18362209398708187,-0.021419405788057025,0.18362209398708187
heft_prefill-1024xdecode_64_ops_trace.csv,prefill,-1,-1,26,PIM0,pim,1,SwiGLU:0,0.002060288,0.000515072,pim|prefill|-1|09fa0d473c03d2ded15b4a74881ced42,-1,sample_step,0.002060288,0.000515072,-0.0015452159999999999,0.25,-0.0015452159999999999,0.25
heft_prefill-1024xdecode_64_ops_trace.csv,prefill,-1,-1,27,GPU0,npu,25,"LN:-1,Q:0,Q:1,K:0,K:1,V:0,V:1,QK:0,QK:1,Softmax:0,Softmax:1,SV:0,SV:1,O:0,O:1,Add:-1,LN:-1,FFN_W1:0,FFN_W3:0,FFN_W1:1,FFN_W3:1,SwiGLU:1,FFN_W2:0,FFN_W2:1,Add:-1",0.02623712086068886,0.0048177150726318365,npu|prefill|-1|2a331687201a3abf6e73ab65b42cfdd2,-1,sample_step,0.02623712086068886,0.0048177150726318365,-0.021419405788057025,0.18362209398708187,-0.021419405788057025,0.18362209398708187
heft_prefill-1024xdecode_64_ops_trace.csv,prefill,-1,-1,27,PIM0,pim,1,SwiGLU:0,0.002060288,0.000515072,pim|prefill|-1|09fa0d473c03d2ded15b4a74881ced42,-1,sample_step,0.002060288,0.000515072,-0.0015452159999999999,0.25,-0.0015452159999999999,0.25
heft_prefill-1024xdecode_64_ops_trace.csv,prefill,-1,-1,28,GPU0,npu,25,"LN:-1,Q:0,Q:1,K:0,K:1,V:0,V:1,QK:0,QK:1,Softmax:0,Softmax:1,SV:0,SV:1,O:0,O:1,Add:-1,LN:-1,FFN_W1:0,FFN_W3:0,FFN_W1:1,FFN_W3:1,SwiGLU:1,FFN_W2:0,FFN_W2:1,Add:-1",0.02623712086068886,0.0048177150726318365,npu|prefill|-1|2a331687201a3abf6e73ab65b42cfdd2,-1,sample_step,0.02623712086068886,0.0048177150726318365,-0.021419405788057025,0.18362209398708187,-0.021419405788057025,0.18362209398708187
heft_prefill-1024xdecode_64_ops_trace.csv,prefill,-1,-1,28,PIM0,pim,1,SwiGLU:0,0.002060288,0.000515072,pim|prefill|-1|09fa0d473c03d2ded15b4a74881ced42,-1,sample_step,0.002060288,0.000515072,-0.0015452159999999999,0.25,-0.0015452159999999999,0.25
heft_prefill-1024xdecode_64_ops_trace.csv,prefill,-1,-1,29,GPU0,npu,25,"LN:-1,Q:0,Q:1,K:0,K:1,V:0,V:1,QK:0,QK:1,Softmax:0,Softmax:1,SV:0,SV:1,O:0,O:1,Add:-1,LN:-1,FFN_W1:0,FFN_W3:0,FFN_W1:1,FFN_W3:1,SwiGLU:1,FFN_W2:0,FFN_W2:1,Add:-1",0.02623712086068886,0.0048177150726318365,npu|prefill|-1|2a331687201a3abf6e73ab65b42cfdd2,-1,sample_step,0.02623712086068886,0.0048177150726318365,-0.021419405788057025,0.18362209398708187,-0.021419405788057025,0.18362209398708187
heft_prefill-1024xdecode_64_ops_trace.csv,prefill,-1,-1,29,PIM0,pim,1,SwiGLU:0,0.002060288,0.000515072,pim|prefill|-1|09fa0d473c03d2ded15b4a74881ced42,-1,sample_step,0.002060288,0.000515072,-0.0015452159999999999,0.25,-0.0015452159999999999,0.25
heft_prefill-1024xdecode_64_ops_trace.csv,prefill,-1,-1,30,GPU0,npu,25,"LN:-1,Q:0,Q:1,K:0,K:1,V:0,V:1,QK:0,QK:1,Softmax:0,Softmax:1,SV:0,SV:1,O:0,O:1,Add:-1,LN:-1,FFN_W1:0,FFN_W3:0,FFN_W1:1,FFN_W3:1,SwiGLU:1,FFN_W2:0,FFN_W2:1,Add:-1",0.02623712086068886,0.0048177150726318365,npu|prefill|-1|2a331687201a3abf6e73ab65b42cfdd2,-1,sample_step,0.02623712086068886,0.0048177150726318365,-0.021419405788057025,0.18362209398708187,-0.021419405788057025,0.18362209398708187
heft_prefill-1024xdecode_64_ops_trace.csv,prefill,-1,-1,30,PIM0,pim,1,SwiGLU:0,0.002060288,0.000515072,pim|prefill|-1|09fa0d473c03d2ded15b4a74881ced42,-1,sample_step,0.002060288,0.000515072,-0.0015452159999999999,0.25,-0.0015452159999999999,0.25
heft_prefill-1024xdecode_64_ops_trace.csv,prefill,-1,-1,31,GPU0,npu,25,"LN:-1,Q:0,Q:1,K:0,K:1,V:0,V:1,QK:0,QK:1,Softmax:0,Softmax:1,SV:0,SV:1,O:0,O:1,Add:-1,LN:-1,FFN_W1:0,FFN_W3:0,FFN_W1:1,FFN_W3:1,SwiGLU:1,FFN_W2:0,FFN_W2:1,Add:-1",0.02623712086068886,0.0048177150726318365,npu|prefill|-1|2a331687201a3abf6e73ab65b42cfdd2,-1,sample_step,0.02623712086068886,0.0048177150726318365,-0.021419405788057025,0.18362209398708187,-0.021419405788057025,0.18362209398708187
heft_prefill-1024xdecode_64_ops_trace.csv,prefill,-1,-1,31,PIM0,pim,1,SwiGLU:0,0.002060288,0.000515072,pim|prefill|-1|09fa0d473c03d2ded15b4a74881ced42,-1,sample_step,0.002060288,0.000515072,-0.0015452159999999999,0.25,-0.0015452159999999999,0.25
heft_prefill-1024xdecode_64_ops_trace.csv,decode,0,0,0,PIM0,pim,9,"LN:-1,QK:0,Softmax:0,SV:0,Add:-1,LN:-1,SwiGLU:0,SwiGLU:1,Add:-1",5.231600000021874e-05,1.6819e-05,pim|decode|0|eba483edef50291578f13ab69ef2efef,0,sample_step,5.231600000021874e-05,1.6819e-05,-3.549700000021874e-05,0.32148864591959775,-3.549700000021874e-05,0.32148864591959775
heft_prefill-1024xdecode_64_ops_trace.csv,decode,0,0,0,GPU0,npu,14,"Q:0,Q:1,K:0,K:1,V:0,V:1,O:0,O:1,FFN_W1:0,FFN_W3:0,FFN_W1:1,FFN_W3:1,FFN_W2:0,FFN_W2:1",0.0003907303640406923,0.0005070847988128662,npu|decode|0|58672e7680bc9d88d790ef6aa34bd903,0,sample_step,0.0003907303640406923,0.0005070847988128662,0.00011635443477217393,1.2977870303421217,0.00011635443477217393,1.2977870303421217
heft_prefill-1024xdecode_64_ops_trace.csv,decode,0,0,0,PIM1,pim,3,"QK:1,Softmax:1,SV:1",3.775600000011092e-05,1.3179e-05,pim|decode|0|583a2f400a32ef30361deb25375d6d1d,0,sample_step,3.775600000011092e-05,1.3179e-05,-2.4577000000110923e-05,0.3490571035057019,-2.4577000000110923e-05,0.3490571035057019
heft_prefill-1024xdecode_64_ops_trace.csv,decode,0,0,1,PIM0,pim,9,"LN:-1,QK:0,Softmax:0,SV:0,Add:-1,LN:-1,SwiGLU:0,SwiGLU:1,Add:-1",5.231600000021874e-05,1.6819e-05,pim|decode|0|eba483edef50291578f13ab69ef2efef,0,sample_step,5.231600000021874e-05,1.6819e-05,-3.549700000021874e-05,0.32148864591959775,-3.549700000021874e-05,0.32148864591959775
heft_prefill-1024xdecode_64_ops_trace.csv,decode,0,0,1,GPU0,npu,14,"Q:0,Q:1,K:0,K:1,V:0,V:1,O:0,O:1,FFN_W1:0,FFN_W3:0,FFN_W1:1,FFN_W3:1,FFN_W2:0,FFN_W2:1",0.0003907303640406923,0.0005070847988128662,npu|decode|0|58672e7680bc9d88d790ef6aa34bd903,0,sample_step,0.0003907303640406923,0.0005070847988128662,0.00011635443477217393,1.2977870303421217,0.00011635443477217393,1.2977870303421217
heft_prefill-1024xdecode_64_ops_trace.csv,decode,0,0,1,PIM1,pim,3,"QK:1,Softmax:1,SV:1",3.775600000011092e-05,1.3179e-05,pim|decode|0|583a2f400a32ef30361deb25375d6d1d,0,sample_step,3.775600000011092e-05,1.3179e-05,-2.4577000000110923e-05,0.3490571035057019,-2.4577000000110923e-05,0.3490571035057019
heft_prefill-1024xdecode_64_ops_trace.csv,decode,0,0,2,PIM0,pim,9,"LN:-1,QK:0,Softmax:0,SV:0,Add:-1,LN:-1,SwiGLU:0,SwiGLU:1,Add:-1",5.231600000021874e-05,1.6819e-05,pim|decode|0|eba483edef50291578f13ab69ef2efef,0,sample_step,5.231600000021874e-05,1.6819e-05,-3.549700000021874e-05,0.32148864591959775,-3.549700000021874e-05,0.32148864591959775
heft_prefill-1024xdecode_64_ops_trace.csv,decode,0,0,2,GPU0,npu,14,"Q:0,Q:1,K:0,K:1,V:0,V:1,O:0,O:1,FFN_W1:0,FFN_W3:0,FFN_W1:1,FFN_W3:1,FFN_W2:0,FFN_W2:1",0.0003907303640406923,0.0005070847988128662,npu|decode|0|58672e7680bc9d88d790ef6aa34bd903,0,sample_step,0.0003907303640406923,0.0005070847988128662,0.00011635443477217393,1.2977870303421217,0.00011635443477217393,1.2977870303421217
heft_prefill-1024xdecode_64_ops_trace.csv,decode,0,0,2,PIM1,pim,3,"QK:1,Softmax:1,SV:1",3.775600000011092e-05,1.3179e-05,pim|decode|0|583a2f400a32ef30361deb25375d6d1d,0,sample_step,3.775600000011092e-05,1.3179e-05,-2.4577000000110923e-05,0.3490571035057019,-2.4577000000110923e-05,0.3490571035057019
heft_prefill-1024xdecode_64_ops_trace.csv,decode,0,0,3,PIM0,pim,9,"LN:-1,QK:0,Softmax:0,SV:0,Add:-1,LN:-1,SwiGLU:0,SwiGLU:1,Add:-1",5.231600000021874e-05,1.6819e-05,pim|decode|0|eba483edef50291578f13ab69ef2efef,0,sample_step,5.231600000021874e-05,1.6819e-05,-3.549700000021874e-05,0.32148864591959775,-3.549700000021874e-05,0.32148864591959775
heft_prefill-1024xdecode_64_ops_trace.csv,decode,0,0,3,GPU0,npu,14,"Q:0,Q:1,K:0,K:1,V:0,V:1,O:0,O:1,FFN_W1:0,FFN_W3:0,FFN_W1:1,FFN_W3:1,FFN_W2:0,FFN_W2:1",0.0003907303640406923,0.0005070847988128662,npu|decode|0|58672e7680bc9d88d790ef6aa34bd903,0,sample_step,0.0003907303640406923,0.0005070847988128662,0.00011635443477217393,1.2977870303421217,0.00011635443477217393,1.2977870303421217
heft_prefill-1024xdecode_64_ops_trace.csv,decode,0,0,3,PIM1,pim,3,"QK:1,Softmax:1,SV:1",3.775600000011092e-05,1.3179e-05,pim|decode|0|583a2f400a32ef30361deb25375d6d1d,0,sample_step,3.775600000011092e-05,1.3179e-05,-2.4577000000110923e-05,0.3490571035057019,-2.4577000000110923e-05,0.3490571035057019
heft_prefill-1024xdecode_64_ops_trace.csv,decode,0,0,4,PIM0,pim,9,"LN:-1,QK:0,Softmax:0,SV:0,Add:-1,LN:-1,SwiGLU:0,SwiGLU:1,Add:-1",5.231600000021874e-05,1.6819e-05,pim|decode|0|eba483edef50291578f13ab69ef2efef,0,sample_step,5.231600000021874e-05,1.6819e-05,-3.549700000021874e-05,0.32148864591959775,-3.549700000021874e-05,0.32148864591959775
heft_prefill-1024xdecode_64_ops_trace.csv,decode,0,0,4,GPU0,npu,14,"Q:0,Q:1,K:0,K:1,V:0,V:1,O:0,O:1,FFN_W1:0,FFN_W3:0,FFN_W1:1,FFN_W3:1,FFN_W2:0,FFN_W2:1",0.0003907303640406923,0.0005070847988128662,npu|decode|0|58672e7680bc9d88d790ef6aa34bd903,0,sample_step,0.0003907303640406923,0.0005070847988128662,0.00011635443477217393,1.2977870303421217,0.00011635443477217393,1.2977870303421217
heft_prefill-1024xdecode_64_ops_trace.csv,decode,0,0,4,PIM1,pim,3,"QK:1,Softmax:1,SV:1",3.775600000011092e-05,1.3179e-05,pim|decode|0|583a2f400a32ef30361deb25375d6d1d,0,sample_step,3.775600000011092e-05,1.3179e-05,-2.4577000000110923e-05,0.3490571035057019,-2.4577000000110923e-05,0.3490571035057019
heft_prefill-1024xdecode_64_ops_trace.csv,decode,0,0,5,PIM0,pim,9,"LN:-1,QK:0,Softmax:0,SV:0,Add:-1,LN:-1,SwiGLU:0,SwiGLU:1,Add:-1",5.231600000021874e-05,1.6819e-05,pim|decode|0|eba483edef50291578f13ab69ef2efef,0,sample_step,5.231600000021874e-05,1.6819e-05,-3.549700000021874e-05,0.32148864591959775,-3.549700000021874e-05,0.32148864591959775
heft_prefill-1024xdecode_64_ops_trace.csv,decode,0,0,5,GPU0,npu,14,"Q:0,Q:1,K:0,K:1,V:0,V:1,O:0,O:1,FFN_W1:0,FFN_W3:0,FFN_W1:1,FFN_W3:1,FFN_W2:0,FFN_W2:1",0.0003907303640406923,0.0005070847988128662,npu|decode|0|58672e7680bc9d88d790ef6aa34bd903,0,sample_step,0.0003907303640406923,0.0005070847988128662,0.00011635443477217393,1.2977870303421217,0.00011635443477217393,1.2977870303421217
heft_prefill-1024xdecode_64_ops_trace.csv,decode,0,0,5,PIM1,pim,3,"QK:1,Softmax:1,SV:1",3.775600000011092e-05,1.3179e-05,pim|decode|0|583a2f400a32ef30361deb25375d6d1d,0,sample_step,3.775600000011092e-05,1.3179e-05,-2.4577000000110923e-05,0.3490571035057019,-2.4577000000110923e-05,0.3490571035057019
heft_prefill-1024xdecode_64_ops_trace.csv,decode,0,0,6,PIM0,pim,9,"LN:-1,QK:0,Softmax:0,SV:0,Add:-1,LN:-1,SwiGLU:0,SwiGLU:1,Add:-1",5.231600000021874e-05,1.6819e-05,pim|decode|0|eba483edef50291578f13ab69ef2efef,0,sample_step,5.231600000021874e-05,1.6819e-05,-3.549700000021874e-05,0.32148864591959775,-3.549700000021874e-05,0.32148864591959775
heft_prefill-1024xdecode_64_ops_trace.csv,decode,0,0,6,GPU0,npu,14,"Q:0,Q:1,K:0,K:1,V:0,V:1,O:0,O:1,FFN_W1:0,FFN_W3:0,FFN_W1:1,FFN_W3:1,FFN_W2:0,FFN_W2:1",0.0003907303640406923,0.0005070847988128662,npu|decode|0|58672e7680bc9d88d790ef6aa34bd903,0,sample_step,0.0003907303640406923,0.0005070847988128662,0.00011635443477217393,1.2977870303421217,0.00011635443477217393,1.2977870303421217
heft_prefill-1024xdecode_64_ops_trace.csv,decode,0,0,6,PIM1,pim,3,"QK:1,Softmax:1,SV:1",3.775600000011092e-05,1.3179e-05,pim|decode|0|583a2f400a32ef30361deb25375d6d1d,0,sample_step,3.775600000011092e-05,1.3179e-05,-2.4577000000110923e-05,0.3490571035057019,-2.4577000000110923e-05,0.3490571035057019
heft_prefill-1024xdecode_64_ops_trace.csv,decode,0,0,7,PIM0,pim,9,"LN:-1,QK:0,Softmax:0,SV:0,Add:-1,LN:-1,SwiGLU:0,SwiGLU:1,Add:-1",5.231600000021874e-05,1.6819e-05,pim|decode|0|eba483edef50291578f13ab69ef2efef,0,sample_step,5.231600000021874e-05,1.6819e-05,-3.549700000021874e-05,0.32148864591959775,-3.549700000021874e-05,0.32148864591959775
heft_prefill-1024xdecode_64_ops_trace.csv,decode,0,0,7,GPU0,npu,14,"Q:0,Q:1,K:0,K:1,V:0,V:1,O:0,O:1,FFN_W1:0,FFN_W3:0,FFN_W1:1,FFN_W3:1,FFN_W2:0,FFN_W2:1",0.0003907303640406923,0.0005070847988128662,npu|decode|0|58672e7680bc9d88d790ef6aa34bd903,0,sample_step,0.0003907303640406923,0.0005070847988128662,0.00011635443477217393,1.2977870303421217,0.00011635443477217393,1.2977870303421217
heft_prefill-1024xdecode_64_ops_trace.csv,decode,0,0,7,PIM1,pim,3,"QK:1,Softmax:1,SV:1",3.775600000011092e-05,1.3179e-05,pim|decode|0|583a2f400a32ef30361deb25375d6d1d,0,sample_step,3.775600000011092e-05,1.3179e-05,-2.4577000000110923e-05,0.3490571035057019,-2.4577000000110923e-05,0.3490571035057019
heft_prefill-1024xdecode_64_ops_trace.csv,decode,0,0,8,PIM0,pim,9,"LN:-1,QK:0,Softmax:0,SV:0,Add:-1,LN:-1,SwiGLU:0,SwiGLU:1,Add:-1",5.231600000021874e-05,1.6819e-05,pim|decode|0|eba483edef50291578f13ab69ef2efef,0,sample_step,5.231600000021874e-05,1.6819e-05,-3.549700000021874e-05,0.32148864591959775,-3.549700000021874e-05,0.32148864591959775
heft_prefill-1024xdecode_64_ops_trace.csv,decode,0,0,8,GPU0,npu,14,"Q:0,Q:1,K:0,K:1,V:0,V:1,O:0,O:1,FFN_W1:0,FFN_W3:0,FFN_W1:1,FFN_W3:1,FFN_W2:0,FFN_W2:1",0.0003907303640406923,0.0005070847988128662,npu|decode|0|58672e7680bc9d88d790ef6aa34bd903,0,sample_step,0.0003907303640406923,0.0005070847988128662,0.00011635443477217393,1.2977870303421217,0.00011635443477217393,1.2977870303421217
heft_prefill-1024xdecode_64_ops_trace.csv,decode,0,0,8,PIM1,pim,3,"QK:1,Softmax:1,SV:1",3.775600000011092e-05,1.3179e-05,pim|decode|0|583a2f400a32ef30361deb25375d6d1d,0,sample_step,3.775600000011092e-05,1.3179e-05,-2.4577000000110923e-05,0.3490571035057019,-2.4577000000110923e-05,0.3490571035057019
heft_prefill-1024xdecode_64_ops_trace.csv,decode,0,0,9,PIM0,pim,9,"LN:-1,QK:0,Softmax:0,SV:0,Add:-1,LN:-1,SwiGLU:0,SwiGLU:1,Add:-1",5.231600000021874e-05,1.6819e-05,pim|decode|0|eba483edef50291578f13ab69ef2efef,0,sample_step,5.231600000021874e-05,1.6819e-05,-3.549700000021874e-05,0.32148864591959775,-3.549700000021874e-05,0.32148864591959775
heft_prefill-1024xdecode_64_ops_trace.csv,decode,0,0,9,GPU0,npu,14,"Q:0,Q:1,K:0,K:1,V:0,V:1,O:0,O:1,FFN_W1:0,FFN_W3:0,FFN_W1:1,FFN_W3:1,FFN_W2:0,FFN_W2:1",0.0003907303640406923,0.0005070847988128662,npu|decode|0|58672e7680bc9d88d790ef6aa34bd903,0,sample_step,0.0003907303640406923,0.0005070847988128662,0.00011635443477217393,1.2977870303421217,0.00011635443477217393,1.2977870303421217
heft_prefill-1024xdecode_64_ops_trace.csv,decode,0,0,9,PIM1,pim,3,"QK:1,Softmax:1,SV:1",3.775600000011092e-05,1.3179e-05,pim|decode|0|583a2f400a32ef30361deb25375d6d1d,0,sample_step,3.775600000011092e-05,1.3179e-05,-2.4577000000110923e-05,0.3490571035057019,-2.4577000000110923e-05,0.3490571035057019
heft_prefill-1024xdecode_64_ops_trace.csv,decode,0,0,10,PIM0,pim,9,"LN:-1,QK:0,Softmax:0,SV:0,Add:-1,LN:-1,SwiGLU:0,SwiGLU:1,Add:-1",5.231600000021874e-05,1.6819e-05,pim|decode|0|eba483edef50291578f13ab69ef2efef,0,sample_step,5.231600000021874e-05,1.6819e-05,-3.549700000021874e-05,0.32148864591959775,-3.549700000021874e-05,0.32148864591959775
heft_prefill-1024xdecode_64_ops_trace.csv,decode,0,0,10,GPU0,npu,14,"Q:0,Q:1,K:0,K:1,V:0,V:1,O:0,O:1,FFN_W1:0,FFN_W3:0,FFN_W1:1,FFN_W3:1,FFN_W2:0,FFN_W2:1",0.0003907303640406923,0.0005070847988128662,npu|decode|0|58672e7680bc9d88d790ef6aa34bd903,0,sample_step,0.0003907303640406923,0.0005070847988128662,0.00011635443477217393,1.2977870303421217,0.00011635443477217393,1.2977870303421217
heft_prefill-1024xdecode_64_ops_trace.csv,decode,0,0,10,PIM1,pim,3,"QK:1,Softmax:1,SV:1",3.775600000011092e-05,1.3179e-05,pim|decode|0|583a2f400a32ef30361deb25375d6d1d,0,sample_step,3.775600000011092e-05,1.3179e-05,-2.4577000000110923e-05,0.3490571035057019,-2.4577000000110923e-05,0.3490571035057019
heft_prefill-1024xdecode_64_ops_trace.csv,decode,0,0,11,PIM0,pim,9,"LN:-1,QK:0,Softmax:0,SV:0,Add:-1,LN:-1,SwiGLU:0,SwiGLU:1,Add:-1",5.231600000021874e-05,1.6819e-05,pim|decode|0|eba483edef50291578f13ab69ef2efef,0,sample_step,5.231600000021874e-05,1.6819e-05,-3.549700000021874e-05,0.32148864591959775,-3.549700000021874e-05,0.32148864591959775
heft_prefill-1024xdecode_64_ops_trace.csv,decode,0,0,11,GPU0,npu,14,"Q:0,Q:1,K:0,K:1,V:0,V:1,O:0,O:1,FFN_W1:0,FFN_W3:0,FFN_W1:1,FFN_W3:1,FFN_W2:0,FFN_W2:1",0.0003907303640406923,0.0005070847988128662,npu|decode|0|58672e7680bc9d88d790ef6aa34bd903,0,sample_step,0.0003907303640406923,0.0005070847988128662,0.00011635443477217393,1.2977870303421217,0.00011635443477217393,1.2977870303421217
heft_prefill-1024xdecode_64_ops_trace.csv,decode,0,0,11,PIM1,pim,3,"QK:1,Softmax:1,SV:1",3.775600000011092e-05,1.3179e-05,pim|decode|0|583a2f400a32ef30361deb25375d6d1d,0,sample_step,3.775600000011092e-05,1.3179e-05,-2.4577000000110923e-05,0.3490571035057019,-2.4577000000110923e-05,0.3490571035057019
heft_prefill-1024xdecode_64_ops_trace.csv,decode,0,0,12,PIM0,pim,9,"LN:-1,QK:0,Softmax:0,SV:0,Add:-1,LN:-1,SwiGLU:0,SwiGLU:1,Add:-1",5.231600000021874e-05,1.6819e-05,pim|decode|0|eba483edef50291578f13ab69ef2efef,0,sample_step,5.231600000021874e-05,1.6819e-05,-3.549700000021874e-05,0.32148864591959775,-3.549700000021874e-05,0.32148864591959775
heft_prefill-1024xdecode_64_ops_trace.csv,decode,0,0,12,GPU0,npu,14,"Q:0,Q:1,K:0,K:1,V:0,V:1,O:0,O:1,FFN_W1:0,FFN_W3:0,FFN_W1:1,FFN_W3:1,FFN_W2:0,FFN_W2:1",0.0003907303640406923,0.0005070847988128662,npu|decode|0|58672e7680bc9d88d790ef6aa34bd903,0,sample_step,0.0003907303640406923,0.0005070847988128662,0.00011635443477217393,1.2977870303421217,0.00011635443477217393,1.2977870303421217
heft_prefill-1024xdecode_64_ops_trace.csv,decode,0,0,12,PIM1,pim,3,"QK:1,Softmax:1,SV:1",3.775600000011092e-05,1.3179e-05,pim|decode|0|583a2f400a32ef30361deb25375d6d1d,0,sample_step,3.775600000011092e-05,1.3179e-05,-2.4577000000110923e-05,0.3490571035057019,-2.4577000000110923e-05,0.3490571035057019
heft_prefill-1024xdecode_64_ops_trace.csv,decode,0,0,13,PIM0,pim,9,"LN:-1,QK:0,Softmax:0,SV:0,Add:-1,LN:-1,SwiGLU:0,SwiGLU:1,Add:-1",5.231600000021874e-05,1.6819e-05,pim|decode|0|eba483edef50291578f13ab69ef2efef,0,sample_step,5.231600000021874e-05,1.6819e-05,-3.549700000021874e-05,0.32148864591959775,-3.549700000021874e-05,0.32148864591959775
heft_prefill-1024xdecode_64_ops_trace.csv,decode,0,0,13,GPU0,npu,14,"Q:0,Q:1,K:0,K:1,V:0,V:1,O:0,O:1,FFN_W1:0,FFN_W3:0,FFN_W1:1,FFN_W3:1,FFN_W2:0,FFN_W2:1",0.0003907303640406923,0.0005070847988128662,npu|decode|0|58672e7680bc9d88d790ef6aa34bd903,0,sample_step,0.0003907303640406923,0.0005070847988128662,0.00011635443477217393,1.2977870303421217,0.00011635443477217393,1.2977870303421217
heft_prefill-1024xdecode_64_ops_trace.csv,decode,0,0,13,PIM1,pim,3,"QK:1,Softmax:1,SV:1",3.775600000011092e-05,1.3179e-05,pim|decode|0|583a2f400a32ef30361deb25375d6d1d,0,sample_step,3.775600000011092e-05,1.3179e-05,-2.4577000000110923e-05,0.3490571035057019,-2.4577000000110923e-05,0.3490571035057019
heft_prefill-1024xdecode_64_ops_trace.csv,decode,0,0,14,PIM0,pim,9,"LN:-1,QK:0,Softmax:0,SV:0,Add:-1,LN:-1,SwiGLU:0,SwiGLU:1,Add:-1",5.231600000021874e-05,1.6819e-05,pim|decode|0|eba483edef50291578f13ab69ef2efef,0,sample_step,5.231600000021874e-05,1.6819e-05,-3.549700000021874e-05,0.32148864591959775,-3.549700000021874e-05,0.32148864591959775
heft_prefill-1024xdecode_64_ops_trace.csv,decode,0,0,14,GPU0,npu,14,"Q:0,Q:1,K:0,K:1,V:0,V:1,O:0,O:1,FFN_W1:0,FFN_W3:0,FFN_W1:1,FFN_W3:1,FFN_W2:0,FFN_W2:1",0.0003907303640406923,0.0005070847988128662,npu|decode|0|58672e7680bc9d88d790ef6aa34bd903,0,sample_step,0.0003907303640406923,0.0005070847988128662,0.00011635443477217393,1.2977870303421217,0.00011635443477217393,1.2977870303421217
heft_prefill-1024xdecode_64_ops_trace.csv,decode,0,0,14,PIM1,pim,3,"QK:1,Softmax:1,SV:1",3.775600000011092e-05,1.3179e-05,pim|decode|0|583a2f400a32ef30361deb25375d6d1d,0,sample_step,3.775600000011092e-05,1.3179e-05,-2.4577000000110923e-05,0.3490571035057019,-2.4577000000110923e-05,0.3490571035057019
heft_prefill-1024xdecode_64_ops_trace.csv,decode,0,0,15,PIM0,pim,9,"LN:-1,QK:0,Softmax:0,SV:0,Add:-1,LN:-1,SwiGLU:0,SwiGLU:1,Add:-1",5.231600000021874e-05,1.6819e-05,pim|decode|0|eba483edef50291578f13ab69ef2efef,0,sample_step,5.231600000021874e-05,1.6819e-05,-3.549700000021874e-05,0.32148864591959775,-3.549700000021874e-05,0.32148864591959775
heft_prefill-1024xdecode_64_ops_trace.csv,decode,0,0,15,GPU0,npu,14,"Q:0,Q:1,K:0,K:1,V:0,V:1,O:0,O:1,FFN_W1:0,FFN_W3:0,FFN_W1:1,FFN_W3:1,FFN_W2:0,FFN_W2:1",0.0003907303640406923,0.0005070847988128662,npu|decode|0|58672e7680bc9d88d790ef6aa34bd903,0,sample_step,0.0003907303640406923,0.0005070847988128662,0.00011635443477217393,1.2977870303421217,0.00011635443477217393,1.2977870303421217
heft_prefill-1024xdecode_64_ops_trace.csv,decode,0,0,15,PIM1,pim,3,"QK:1,Softmax:1,SV:1",3.775600000011092e-05,1.3179e-05,pim|decode|0|583a2f400a32ef30361deb25375d6d1d,0,sample_step,3.775600000011092e-05,1.3179e-05,-2.4577000000110923e-05,0.3490571035057019,-2.4577000000110923e-05,0.3490571035057019
heft_prefill-1024xdecode_64_ops_trace.csv,decode,0,0,16,PIM0,pim,9,"LN:-1,QK:0,Softmax:0,SV:0,Add:-1,LN:-1,SwiGLU:0,SwiGLU:1,Add:-1",5.231600000021874e-05,1.6819e-05,pim|decode|0|eba483edef50291578f13ab69ef2efef,0,sample_step,5.231600000021874e-05,1.6819e-05,-3.549700000021874e-05,0.32148864591959775,-3.549700000021874e-05,0.32148864591959775
heft_prefill-1024xdecode_64_ops_trace.csv,decode,0,0,16,GPU0,npu,14,"Q:0,Q:1,K:0,K:1,V:0,V:1,O:0,O:1,FFN_W1:0,FFN_W3:0,FFN_W1:1,FFN_W3:1,FFN_W2:0,FFN_W2:1",0.0003907303640406923,0.0005070847988128662,npu|decode|0|58672e7680bc9d88d790ef6aa34bd903,0,sample_step,0.0003907303640406923,0.0005070847988128662,0.00011635443477217393,1.2977870303421217,0.00011635443477217393,1.2977870303421217
heft_prefill-1024xdecode_64_ops_trace.csv,decode,0,0,16,PIM1,pim,3,"QK:1,Softmax:1,SV:1",3.775600000011092e-05,1.3179e-05,pim|decode|0|583a2f400a32ef30361deb25375d6d1d,0,sample_step,3.775600000011092e-05,1.3179e-05,-2.4577000000110923e-05,0.3490571035057019,-2.4577000000110923e-05,0.3490571035057019
heft_prefill-1024xdecode_64_ops_trace.csv,decode,0,0,17,PIM0,pim,9,"LN:-1,QK:0,Softmax:0,SV:0,Add:-1,LN:-1,SwiGLU:0,SwiGLU:1,Add:-1",5.231600000021874e-05,1.6819e-05,pim|decode|0|eba483edef50291578f13ab69ef2efef,0,sample_step,5.231600000021874e-05,1.6819e-05,-3.549700000021874e-05,0.32148864591959775,-3.549700000021874e-05,0.32148864591959775
heft_prefill-1024xdecode_64_ops_trace.csv,decode,0,0,17,GPU0,npu,14,"Q:0,Q:1,K:0,K:1,V:0,V:1,O:0,O:1,FFN_W1:0,FFN_W3:0,FFN_W1:1,FFN_W3:1,FFN_W2:0,FFN_W2:1",0.0003907303640406923,0.0005070847988128662,npu|decode|0|58672e7680bc9d88d790ef6aa34bd903,0,sample_step,0.0003907303640406923,0.0005070847988128662,0.00011635443477217393,1.2977870303421217,0.00011635443477217393,1.2977870303421217
heft_prefill-1024xdecode_64_ops_trace.csv,decode,0,0,17,PIM1,pim,3,"QK:1,Softmax:1,SV:1",3.775600000011092e-05,1.3179e-05,pim|decode|0|583a2f400a32ef30361deb25375d6d1d,0,sample_step,3.775600000011092e-05,1.3179e-05,-2.4577000000110923e-05,0.3490571035057019,-2.4577000000110923e-05,0.3490571035057019
heft_prefill-1024xdecode_64_ops_trace.csv,decode,0,0,18,PIM0,pim,9,"LN:-1,QK:0,Softmax:0,SV:0,Add:-1,LN:-1,SwiGLU:0,SwiGLU:1,Add:-1",5.231600000021874e-05,1.6819e-05,pim|decode|0|eba483edef50291578f13ab69ef2efef,0,sample_step,5.231600000021874e-05,1.6819e-05,-3.549700000021874e-05,0.32148864591959775,-3.549700000021874e-05,0.32148864591959775
heft_prefill-1024xdecode_64_ops_trace.csv,decode,0,0,18,GPU0,npu,14,"Q:0,Q:1,K:0,K:1,V:0,V:1,O:0,O:1,FFN_W1:0,FFN_W3:0,FFN_W1:1,FFN_W3:1,FFN_W2:0,FFN_W2:1",0.0003907303640406923,0.0005070847988128662,npu|decode|0|58672e7680bc9d88d790ef6aa34bd903,0,sample_step,0.0003907303640406923,0.0005070847988128662,0.00011635443477217393,1.2977870303421217,0.00011635443477217393,1.2977870303421217
heft_prefill-1024xdecode_64_ops_trace.csv,decode,0,0,18,PIM1,pim,3,"QK:1,Softmax:1,SV:1",3.775600000011092e-05,1.3179e-05,pim|decode|0|583a2f400a32ef30361deb25375d6d1d,0,sample_step,3.775600000011092e-05,1.3179e-05,-2.4577000000110923e-05,0.3490571035057019,-2.4577000000110923e-05,0.3490571035057019
heft_prefill-1024xdecode_64_ops_trace.csv,decode,0,0,19,PIM0,pim,9,"LN:-1,QK:0,Softmax:0,SV:0,Add:-1,LN:-1,SwiGLU:0,SwiGLU:1,Add:-1",5.231600000021874e-05,1.6819e-05,pim|decode|0|eba483edef50291578f13ab69ef2efef,0,sample_step,5.231600000021874e-05,1.6819e-05,-3.549700000021874e-05,0.32148864591959775,-3.549700000021874e-05,0.32148864591959775
heft_prefill-1024xdecode_64_ops_trace.csv,decode,0,0,19,GPU0,npu,14,"Q:0,Q:1,K:0,K:1,V:0,V:1,O:0,O:1,FFN_W1:0,FFN_W3:0,FFN_W1:1,FFN_W3:1,FFN_W2:0,FFN_W2:1",0.0003907303640406923,0.0005070847988128662,npu|decode|0|58672e7680bc9d88d790ef6aa34bd903,0,sample_step,0.0003907303640406923,0.0005070847988128662,0.00011635443477217393,1.2977870303421217,0.00011635443477217393,1.2977870303421217
heft_prefill-1024xdecode_64_ops_trace.csv,decode,0,0,19,PIM1,pim,3,"QK:1,Softmax:1,SV:1",3.775600000011092e-05,1.3179e-05,pim|decode|0|583a2f400a32ef30361deb25375d6d1d,0,sample_step,3.775600000011092e-05,1.3179e-05,-2.4577000000110923e-05,0.3490571035057019,-2.4577000000110923e-05,0.3490571035057019
heft_prefill-1024xdecode_64_ops_trace.csv,decode,0,0,20,PIM0,pim,9,"LN:-1,QK:0,Softmax:0,SV:0,Add:-1,LN:-1,SwiGLU:0,SwiGLU:1,Add:-1",5.231600000021874e-05,1.6819e-05,pim|decode|0|eba483edef50291578f13ab69ef2efef,0,sample_step,5.231600000021874e-05,1.6819e-05,-3.549700000021874e-05,0.32148864591959775,-3.549700000021874e-05,0.32148864591959775
heft_prefill-1024xdecode_64_ops_trace.csv,decode,0,0,20,GPU0,npu,14,"Q:0,Q:1,K:0,K:1,V:0,V:1,O:0,O:1,FFN_W1:0,FFN_W3:0,FFN_W1:1,FFN_W3:1,FFN_W2:0,FFN_W2:1",0.0003907303640406923,0.0005070847988128662,npu|decode|0|58672e7680bc9d88d790ef6aa34bd903,0,sample_step,0.0003907303640406923,0.0005070847988128662,0.00011635443477217393,1.2977870303421217,0.00011635443477217393,1.2977870303421217
heft_prefill-1024xdecode_64_ops_trace.csv,decode,0,0,20,PIM1,pim,3,"QK:1,Softmax:1,SV:1",3.775600000011092e-05,1.3179e-05,pim|decode|0|583a2f400a32ef30361deb25375d6d1d,0,sample_step,3.775600000011092e-05,1.3179e-05,-2.4577000000110923e-05,0.3490571035057019,-2.4577000000110923e-05,0.3490571035057019
heft_prefill-1024xdecode_64_ops_trace.csv,decode,0,0,21,PIM0,pim,9,"LN:-1,QK:0,Softmax:0,SV:0,Add:-1,LN:-1,SwiGLU:0,SwiGLU:1,Add:-1",5.231600000021874e-05,1.6819e-05,pim|decode|0|eba483edef50291578f13ab69ef2efef,0,sample_step,5.231600000021874e-05,1.6819e-05,-3.549700000021874e-05,0.32148864591959775,-3.549700000021874e-05,0.32148864591959775
heft_prefill-1024xdecode_64_ops_trace.csv,decode,0,0,21,GPU0,npu,14,"Q:0,Q:1,K:0,K:1,V:0,V:1,O:0,O:1,FFN_W1:0,FFN_W3:0,FFN_W1:1,FFN_W3:1,FFN_W2:0,FFN_W2:1",0.0003907303640406923,0.0005070847988128662,npu|decode|0|58672e7680bc9d88d790ef6aa34bd903,0,sample_step,0.0003907303640406923,0.0005070847988128662,0.00011635443477217393,1.2977870303421217,0.00011635443477217393,1.2977870303421217
heft_prefill-1024xdecode_64_ops_trace.csv,decode,0,0,21,PIM1,pim,3,"QK:1,Softmax:1,SV:1",3.775600000011092e-05,1.3179e-05,pim|decode|0|583a2f400a32ef30361deb25375d6d1d,0,sample_step,3.775600000011092e-05,1.3179e-05,-2.4577000000110923e-05,0.3490571035057019,-2.4577000000110923e-05,0.3490571035057019
heft_prefill-1024xdecode_64_ops_trace.csv,decode,0,0,22,PIM0,pim,9,"LN:-1,QK:0,Softmax:0,SV:0,Add:-1,LN:-1,SwiGLU:0,SwiGLU:1,Add:-1",5.231600000021874e-05,1.6819e-05,pim|decode|0|eba483edef50291578f13ab69ef2efef,0,sample_step,5.231600000021874e-05,1.6819e-05,-3.549700000021874e-05,0.32148864591959775,-3.549700000021874e-05,0.32148864591959775
heft_prefill-1024xdecode_64_ops_trace.csv,decode,0,0,22,GPU0,npu,14,"Q:0,Q:1,K:0,K:1,V:0,V:1,O:0,O:1,FFN_W1:0,FFN_W3:0,FFN_W1:1,FFN_W3:1,FFN_W2:0,FFN_W2:1",0.0003907303640406923,0.0005070847988128662,npu|decode|0|58672e7680bc9d88d790ef6aa34bd903,0,sample_step,0.0003907303640406923,0.0005070847988128662,0.00011635443477217393,1.2977870303421217,0.00011635443477217393,1.2977870303421217
heft_prefill-1024xdecode_64_ops_trace.csv,decode,0,0,22,PIM1,pim,3,"QK:1,Softmax:1,SV:1",3.775600000011092e-05,1.3179e-05,pim|decode|0|583a2f400a32ef30361deb25375d6d1d,0,sample_step,3.775600000011092e-05,1.3179e-05,-2.4577000000110923e-05,0.3490571035057019,-2.4577000000110923e-05,0.3490571035057019
heft_prefill-1024xdecode_64_ops_trace.csv,decode,0,0,23,PIM0,pim,9,"LN:-1,QK:0,Softmax:0,SV:0,Add:-1,LN:-1,SwiGLU:0,SwiGLU:1,Add:-1",5.231600000021874e-05,1.6819e-05,pim|decode|0|eba483edef50291578f13ab69ef2efef,0,sample_step,5.231600000021874e-05,1.6819e-05,-3.549700000021874e-05,0.32148864591959775,-3.549700000021874e-05,0.32148864591959775
heft_prefill-1024xdecode_64_ops_trace.csv,decode,0,0,23,GPU0,npu,14,"Q:0,Q:1,K:0,K:1,V:0,V:1,O:0,O:1,FFN_W1:0,FFN_W3:0,FFN_W1:1,FFN_W3:1,FFN_W2:0,FFN_W2:1",0.0003907303640406923,0.0005070847988128662,npu|decode|0|58672e7680bc9d88d790ef6aa34bd903,0,sample_step,0.0003907303640406923,0.0005070847988128662,0.00011635443477217393,1.2977870303421217,0.00011635443477217393,1.2977870303421217
heft_prefill-1024xdecode_64_ops_trace.csv,decode,0,0,23,PIM1,pim,3,"QK:1,Softmax:1,SV:1",3.775600000011092e-05,1.3179e-05,pim|decode|0|583a2f400a32ef30361deb25375d6d1d,0,sample_step,3.775600000011092e-05,1.3179e-05,-2.4577000000110923e-05,0.3490571035057019,-2.4577000000110923e-05,0.3490571035057019
heft_prefill-1024xdecode_64_ops_trace.csv,decode,0,0,24,PIM0,pim,9,"LN:-1,QK:0,Softmax:0,SV:0,Add:-1,LN:-1,SwiGLU:0,SwiGLU:1,Add:-1",5.231600000021874e-05,1.6819e-05,pim|decode|0|eba483edef50291578f13ab69ef2efef,0,sample_step,5.231600000021874e-05,1.6819e-05,-3.549700000021874e-05,0.32148864591959775,-3.549700000021874e-05,0.32148864591959775
heft_prefill-1024xdecode_64_ops_trace.csv,decode,0,0,24,GPU0,npu,14,"Q:0,Q:1,K:0,K:1,V:0,V:1,O:0,O:1,FFN_W1:0,FFN_W3:0,FFN_W1:1,FFN_W3:1,FFN_W2:0,FFN_W2:1",0.0003907303640406923,0.0005070847988128662,npu|decode|0|58672e7680bc9d88d790ef6aa34bd903,0,sample_step,0.0003907303640406923,0.0005070847988128662,0.00011635443477217393,1.2977870303421217,0.00011635443477217393,1.2977870303421217
heft_prefill-1024xdecode_64_ops_trace.csv,decode,0,0,24,PIM1,pim,3,"QK:1,Softmax:1,SV:1",3.775600000011092e-05,1.3179e-05,pim|decode|0|583a2f400a32ef30361deb25375d6d1d,0,sample_step,3.775600000011092e-05,1.3179e-05,-2.4577000000110923e-05,0.3490571035057019,-2.4577000000110923e-05,0.3490571035057019
heft_prefill-1024xdecode_64_ops_trace.csv,decode,0,0,25,PIM0,pim,9,"LN:-1,QK:0,Softmax:0,SV:0,Add:-1,LN:-1,SwiGLU:0,SwiGLU:1,Add:-1",5.231600000021874e-05,1.6819e-05,pim|decode|0|eba483edef50291578f13ab69ef2efef,0,sample_step,5.231600000021874e-05,1.6819e-05,-3.549700000021874e-05,0.32148864591959775,-3.549700000021874e-05,0.32148864591959775
heft_prefill-1024xdecode_64_ops_trace.csv,decode,0,0,25,GPU0,npu,14,"Q:0,Q:1,K:0,K:1,V:0,V:1,O:0,O:1,FFN_W1:0,FFN_W3:0,FFN_W1:1,FFN_W3:1,FFN_W2:0,FFN_W2:1",0.0003907303640406923,0.0005070847988128662,npu|decode|0|58672e7680bc9d88d790ef6aa34bd903,0,sample_step,0.0003907303640406923,0.0005070847988128662,0.00011635443477217393,1.2977870303421217,0.00011635443477217393,1.2977870303421217
heft_prefill-1024xdecode_64_ops_trace.csv,decode,0,0,25,PIM1,pim,3,"QK:1,Softmax:1,SV:1",3.775600000011092e-05,1.3179e-05,pim|decode|0|583a2f400a32ef30361deb25375d6d1d,0,sample_step,3.775600000011092e-05,1.3179e-05,-2.4577000000110923e-05,0.3490571035057019,-2.4577000000110923e-05,0.3490571035057019
heft_prefill-1024xdecode_64_ops_trace.csv,decode,0,0,26,PIM0,pim,9,"LN:-1,QK:0,Softmax:0,SV:0,Add:-1,LN:-1,SwiGLU:0,SwiGLU:1,Add:-1",5.231600000021874e-05,1.6819e-05,pim|decode|0|eba483edef50291578f13ab69ef2efef,0,sample_step,5.231600000021874e-05,1.6819e-05,-3.549700000021874e-05,0.32148864591959775,-3.549700000021874e-05,0.32148864591959775
heft_prefill-1024xdecode_64_ops_trace.csv,decode,0,0,26,GPU0,npu,14,"Q:0,Q:1,K:0,K:1,V:0,V:1,O:0,O:1,FFN_W1:0,FFN_W3:0,FFN_W1:1,FFN_W3:1,FFN_W2:0,FFN_W2:1",0.0003907303640406923,0.0005070847988128662,npu|decode|0|58672e7680bc9d88d790ef6aa34bd903,0,sample_step,0.0003907303640406923,0.0005070847988128662,0.00011635443477217393,1.2977870303421217,0.00011635443477217393,1.2977870303421217
heft_prefill-1024xdecode_64_ops_trace.csv,decode,0,0,26,PIM1,pim,3,"QK:1,Softmax:1,SV:1",3.775600000011092e-05,1.3179e-05,pim|decode|0|583a2f400a32ef30361deb25375d6d1d,0,sample_step,3.775600000011092e-05,1.3179e-05,-2.4577000000110923e-05,0.3490571035057019,-2.4577000000110923e-05,0.3490571035057019
heft_prefill-1024xdecode_64_ops_trace.csv,decode,0,0,27,PIM0,pim,9,"LN:-1,QK:0,Softmax:0,SV:0,Add:-1,LN:-1,SwiGLU:0,SwiGLU:1,Add:-1",5.231600000021874e-05,1.6819e-05,pim|decode|0|eba483edef50291578f13ab69ef2efef,0,sample_step,5.231600000021874e-05,1.6819e-05,-3.549700000021874e-05,0.32148864591959775,-3.549700000021874e-05,0.32148864591959775
heft_prefill-1024xdecode_64_ops_trace.csv,decode,0,0,27,GPU0,npu,14,"Q:0,Q:1,K:0,K:1,V:0,V:1,O:0,O:1,FFN_W1:0,FFN_W3:0,FFN_W1:1,FFN_W3:1,FFN_W2:0,FFN_W2:1",0.0003907303640406923,0.0005070847988128662,npu|decode|0|58672e7680bc9d88d790ef6aa34bd903,0,sample_step,0.0003907303640406923,0.0005070847988128662,0.00011635443477217393,1.2977870303421217,0.00011635443477217393,1.2977870303421217
heft_prefill-1024xdecode_64_ops_trace.csv,decode,0,0,27,PIM1,pim,3,"QK:1,Softmax:1,SV:1",3.775600000011092e-05,1.3179e-05,pim|decode|0|583a2f400a32ef30361deb25375d6d1d,0,sample_step,3.775600000011092e-05,1.3179e-05,-2.4577000000110923e-05,0.3490571035057019,-2.4577000000110923e-05,0.3490571035057019
heft_prefill-1024xdecode_64_ops_trace.csv,decode,0,0,28,PIM0,pim,9,"LN:-1,QK:0,Softmax:0,SV:0,Add:-1,LN:-1,SwiGLU:0,SwiGLU:1,Add:-1",5.231600000021874e-05,1.6819e-05,pim|decode|0|eba483edef50291578f13ab69ef2efef,0,sample_step,5.231600000021874e-05,1.6819e-05,-3.549700000021874e-05,0.32148864591959775,-3.549700000021874e-05,0.32148864591959775
heft_prefill-1024xdecode_64_ops_trace.csv,decode,0,0,28,GPU0,npu,14,"Q:0,Q:1,K:0,K:1,V:0,V:1,O:0,O:1,FFN_W1:0,FFN_W3:0,FFN_W1:1,FFN_W3:1,FFN_W2:0,FFN_W2:1",0.0003907303640406923,0.0005070847988128662,npu|decode|0|58672e7680bc9d88d790ef6aa34bd903,0,sample_step,0.0003907303640406923,0.0005070847988128662,0.00011635443477217393,1.2977870303421217,0.00011635443477217393,1.2977870303421217
heft_prefill-1024xdecode_64_ops_trace.csv,decode,0,0,28,PIM1,pim,3,"QK:1,Softmax:1,SV:1",3.775600000011092e-05,1.3179e-05,pim|decode|0|583a2f400a32ef30361deb25375d6d1d,0,sample_step,3.775600000011092e-05,1.3179e-05,-2.4577000000110923e-05,0.3490571035057019,-2.4577000000110923e-05,0.3490571035057019
heft_prefill-1024xdecode_64_ops_trace.csv,decode,0,0,29,PIM0,pim,9,"LN:-1,QK:0,Softmax:0,SV:0,Add:-1,LN:-1,SwiGLU:0,SwiGLU:1,Add:-1",5.231600000021874e-05,1.6819e-05,pim|decode|0|eba483edef50291578f13ab69ef2efef,0,sample_step,5.231600000021874e-05,1.6819e-05,-3.549700000021874e-05,0.32148864591959775,-3.549700000021874e-05,0.32148864591959775
heft_prefill-1024xdecode_64_ops_trace.csv,decode,0,0,29,GPU0,npu,14,"Q:0,Q:1,K:0,K:1,V:0,V:1,O:0,O:1,FFN_W1:0,FFN_W3:0,FFN_W1:1,FFN_W3:1,FFN_W2:0,FFN_W2:1",0.0003907303640406923,0.0005070847988128662,npu|decode|0|58672e7680bc9d88d790ef6aa34bd903,0,sample_step,0.0003907303640406923,0.0005070847988128662,0.00011635443477217393,1.2977870303421217,0.00011635443477217393,1.2977870303421217
heft_prefill-1024xdecode_64_ops_trace.csv,decode,0,0,29,PIM1,pim,3,"QK:1,Softmax:1,SV:1",3.775600000011092e-05,1.3179e-05,pim|decode|0|583a2f400a32ef30361deb25375d6d1d,0,sample_step,3.775600000011092e-05,1.3179e-05,-2.4577000000110923e-05,0.3490571035057019,-2.4577000000110923e-05,0.3490571035057019
heft_prefill-1024xdecode_64_ops_trace.csv,decode,0,0,30,PIM0,pim,9,"LN:-1,QK:0,Softmax:0,SV:0,Add:-1,LN:-1,SwiGLU:0,SwiGLU:1,Add:-1",5.231600000021874e-05,1.6819e-05,pim|decode|0|eba483edef50291578f13ab69ef2efef,0,sample_step,5.231600000021874e-05,1.6819e-05,-3.549700000021874e-05,0.32148864591959775,-3.549700000021874e-05,0.32148864591959775
heft_prefill-1024xdecode_64_ops_trace.csv,decode,0,0,30,GPU0,npu,14,"Q:0,Q:1,K:0,K:1,V:0,V:1,O:0,O:1,FFN_W1:0,FFN_W3:0,FFN_W1:1,FFN_W3:1,FFN_W2:0,FFN_W2:1",0.0003907303640406923,0.0005070847988128662,npu|decode|0|58672e7680bc9d88d790ef6aa34bd903,0,sample_step,0.0003907303640406923,0.0005070847988128662,0.00011635443477217393,1.2977870303421217,0.00011635443477217393,1.2977870303421217
heft_prefill-1024xdecode_64_ops_trace.csv,decode,0,0,30,PIM1,pim,3,"QK:1,Softmax:1,SV:1",3.775600000011092e-05,1.3179e-05,pim|decode|0|583a2f400a32ef30361deb25375d6d1d,0,sample_step,3.775600000011092e-05,1.3179e-05,-2.4577000000110923e-05,0.3490571035057019,-2.4577000000110923e-05,0.3490571035057019
heft_prefill-1024xdecode_64_ops_trace.csv,decode,0,0,31,PIM0,pim,9,"LN:-1,QK:0,Softmax:0,SV:0,Add:-1,LN:-1,SwiGLU:0,SwiGLU:1,Add:-1",5.231600000021874e-05,1.6819e-05,pim|decode|0|eba483edef50291578f13ab69ef2efef,0,sample_step,5.231600000021874e-05,1.6819e-05,-3.549700000021874e-05,0.32148864591959775,-3.549700000021874e-05,0.32148864591959775
heft_prefill-1024xdecode_64_ops_trace.csv,decode,0,0,31,GPU0,npu,14,"Q:0,Q:1,K:0,K:1,V:0,V:1,O:0,O:1,FFN_W1:0,FFN_W3:0,FFN_W1:1,FFN_W3:1,FFN_W2:0,FFN_W2:1",0.0003907303640406923,0.0005070847988128662,npu|decode|0|58672e7680bc9d88d790ef6aa34bd903,0,sample_step,0.0003907303640406923,0.0005070847988128662,0.00011635443477217393,1.2977870303421217,0.00011635443477217393,1.2977870303421217
heft_prefill-1024xdecode_64_ops_trace.csv,decode,0,0,31,PIM1,pim,3,"QK:1,Softmax:1,SV:1",3.775600000011092e-05,1.3179e-05,pim|decode|0|583a2f400a32ef30361deb25375d6d1d,0,sample_step,3.775600000011092e-05,1.3179e-05,-2.4577000000110923e-05,0.3490571035057019,-2.4577000000110923e-05,0.3490571035057019
heft_prefill-1024xdecode_64_ops_trace.csv,decode,1,1,0,PIM0,pim,9,"LN:-1,QK:0,Softmax:0,SV:0,Add:-1,LN:-1,SwiGLU:0,SwiGLU:1,Add:-1",6.727600000011602e-05,1.6819e-05,pim|decode|1|eba483edef50291578f13ab69ef2efef,1,sample_step,0.004238388000007309,0.001059597,-5.045700000011602e-05,0.24999999999956884,-0.0031787910000073095,0.24999999999956887
heft_prefill-1024xdecode_64_ops_trace.csv,decode,1,1,0,GPU0,npu,14,"Q:0,Q:1,K:0,K:1,V:0,V:1,O:0,O:1,FFN_W1:0,FFN_W3:0,FFN_W1:1,FFN_W3:1,FFN_W2:0,FFN_W2:1",0.0003907303640406923,0.0005048319816589355,npu|decode|1|58672e7680bc9d88d790ef6aa34bd903,1,sample_step,0.024616012934563614,0.031804414844512935,0.00011410161761824325,1.2920213736098591,0.007188401909949321,1.292021373609859
heft_prefill-1024xdecode_64_ops_trace.csv,decode,1,1,0,PIM1,pim,3,"QK:1,Softmax:1,SV:1",5.27160000000082e-05,1.3179e-05,pim|decode|1|583a2f400a32ef30361deb25375d6d1d,1,sample_step,0.0033211080000005166,0.000830277,-3.95370000000082e-05,0.24999999999996111,-0.0024908310000005167,0.24999999999996111
heft_prefill-1024xdecode_64_ops_trace.csv,decode,1,1,1,PIM0,pim,9,"LN:-1,QK:0,Softmax:0,SV:0,Add:-1,LN:-1,SwiGLU:0,SwiGLU:1,Add:-1",6.727600000011602e-05,1.6819e-05,pim|decode|1|eba483edef50291578f13ab69ef2efef,1,sample_step,0.004238388000007309,0.001059597,-5.045700000011602e-05,0.24999999999956884,-0.0031787910000073095,0.24999999999956887
heft_prefill-1024xdecode_64_ops_trace.csv,decode,1,1,1,GPU0,npu,14,"Q:0,Q:1,K:0,K:1,V:0,V:1,O:0,O:1,FFN_W1:0,FFN_W3:0,FFN_W1:1,FFN_W3:1,FFN_W2:0,FFN_W2:1",0.0003907303640406923,0.0005048319816589355,npu|decode|1|58672e7680bc9d88d790ef6aa34bd903,1,sample_step,0.024616012934563614,0.031804414844512935,0.00011410161761824325,1.2920213736098591,0.007188401909949321,1.292021373609859
heft_prefill-1024xdecode_64_ops_trace.csv,decode,1,1,1,PIM1,pim,3,"QK:1,Softmax:1,SV:1",5.27160000000082e-05,1.3179e-05,pim|decode|1|583a2f400a32ef30361deb25375d6d1d,1,sample_step,0.0033211080000005166,0.000830277,-3.95370000000082e-05,0.24999999999996111,-0.0024908310000005167,0.24999999999996111
heft_prefill-1024xdecode_64_ops_trace.csv,decode,1,1,2,PIM0,pim,9,"LN:-1,QK:0,Softmax:0,SV:0,Add:-1,LN:-1,SwiGLU:0,SwiGLU:1,Add:-1",6.727600000011602e-05,1.6819e-05,pim|decode|1|eba483edef50291578f13ab69ef2efef,1,sample_step,0.004238388000007309,0.001059597,-5.045700000011602e-05,0.24999999999956884,-0.0031787910000073095,0.24999999999956887
heft_prefill-1024xdecode_64_ops_trace.csv,decode,1,1,2,GPU0,npu,14,"Q:0,Q:1,K:0,K:1,V:0,V:1,O:0,O:1,FFN_W1:0,FFN_W3:0,FFN_W1:1,FFN_W3:1,FFN_W2:0,FFN_W2:1",0.0003907303640406923,0.0005048319816589355,npu|decode|1|58672e7680bc9d88d790ef6aa34bd903,1,sample_step,0.024616012934563614,0.031804414844512935,0.00011410161761824325,1.2920213736098591,0.007188401909949321,1.292021373609859
heft_prefill-1024xdecode_64_ops_trace.csv,decode,1,1,2,PIM1,pim,3,"QK:1,Softmax:1,SV:1",5.27160000000082e-05,1.3179e-05,pim|decode|1|583a2f400a32ef30361deb25375d6d1d,1,sample_step,0.0033211080000005166,0.000830277,-3.95370000000082e-05,0.24999999999996111,-0.0024908310000005167,0.24999999999996111
heft_prefill-1024xdecode_64_ops_trace.csv,decode,1,1,3,PIM0,pim,9,"LN:-1,QK:0,Softmax:0,SV:0,Add:-1,LN:-1,SwiGLU:0,SwiGLU:1,Add:-1",6.727600000011602e-05,1.6819e-05,pim|decode|1|eba483edef50291578f13ab69ef2efef,1,sample_step,0.004238388000007309,0.001059597,-5.045700000011602e-05,0.24999999999956884,-0.0031787910000073095,0.24999999999956887
heft_prefill-1024xdecode_64_ops_trace.csv,decode,1,1,3,GPU0,npu,14,"Q:0,Q:1,K:0,K:1,V:0,V:1,O:0,O:1,FFN_W1:0,FFN_W3:0,FFN_W1:1,FFN_W3:1,FFN_W2:0,FFN_W2:1",0.0003907303640406923,0.0005048319816589355,npu|decode|1|58672e7680bc9d88d790ef6aa34bd903,1,sample_step,0.024616012934563614,0.031804414844512935,0.00011410161761824325,1.2920213736098591,0.007188401909949321,1.292021373609859
heft_prefill-1024xdecode_64_ops_trace.csv,decode,1,1,3,PIM1,pim,3,"QK:1,Softmax:1,SV:1",5.27160000000082e-05,1.3179e-05,pim|decode|1|583a2f400a32ef30361deb25375d6d1d,1,sample_step,0.0033211080000005166,0.000830277,-3.95370000000082e-05,0.24999999999996111,-0.0024908310000005167,0.24999999999996111
heft_prefill-1024xdecode_64_ops_trace.csv,decode,1,1,4,PIM0,pim,9,"LN:-1,QK:0,Softmax:0,SV:0,Add:-1,LN:-1,SwiGLU:0,SwiGLU:1,Add:-1",6.727600000011602e-05,1.6819e-05,pim|decode|1|eba483edef50291578f13ab69ef2efef,1,sample_step,0.004238388000007309,0.001059597,-5.045700000011602e-05,0.24999999999956884,-0.0031787910000073095,0.24999999999956887
heft_prefill-1024xdecode_64_ops_trace.csv,decode,1,1,4,GPU0,npu,14,"Q:0,Q:1,K:0,K:1,V:0,V:1,O:0,O:1,FFN_W1:0,FFN_W3:0,FFN_W1:1,FFN_W3:1,FFN_W2:0,FFN_W2:1",0.0003907303640406923,0.0005048319816589355,npu|decode|1|58672e7680bc9d88d790ef6aa34bd903,1,sample_step,0.024616012934563614,0.031804414844512935,0.00011410161761824325,1.2920213736098591,0.007188401909949321,1.292021373609859
heft_prefill-1024xdecode_64_ops_trace.csv,decode,1,1,4,PIM1,pim,3,"QK:1,Softmax:1,SV:1",5.27160000000082e-05,1.3179e-05,pim|decode|1|583a2f400a32ef30361deb25375d6d1d,1,sample_step,0.0033211080000005166,0.000830277,-3.95370000000082e-05,0.24999999999996111,-0.0024908310000005167,0.24999999999996111
heft_prefill-1024xdecode_64_ops_trace.csv,decode,1,1,5,PIM0,pim,9,"LN:-1,QK:0,Softmax:0,SV:0,Add:-1,LN:-1,SwiGLU:0,SwiGLU:1,Add:-1",6.727600000011602e-05,1.6819e-05,pim|decode|1|eba483edef50291578f13ab69ef2efef,1,sample_step,0.004238388000007309,0.001059597,-5.045700000011602e-05,0.24999999999956884,-0.0031787910000073095,0.24999999999956887
heft_prefill-1024xdecode_64_ops_trace.csv,decode,1,1,5,GPU0,npu,14,"Q:0,Q:1,K:0,K:1,V:0,V:1,O:0,O:1,FFN_W1:0,FFN_W3:0,FFN_W1:1,FFN_W3:1,FFN_W2:0,FFN_W2:1",0.0003907303640406923,0.0005048319816589355,npu|decode|1|58672e7680bc9d88d790ef6aa34bd903,1,sample_step,0.024616012934563614,0.031804414844512935,0.00011410161761824325,1.2920213736098591,0.007188401909949321,1.292021373609859
heft_prefill-1024xdecode_64_ops_trace.csv,decode,1,1,5,PIM1,pim,3,"QK:1,Softmax:1,SV:1",5.27160000000082e-05,1.3179e-05,pim|decode|1|583a2f400a32ef30361deb25375d6d1d,1,sample_step,0.0033211080000005166,0.000830277,-3.95370000000082e-05,0.24999999999996111,-0.0024908310000005167,0.24999999999996111
heft_prefill-1024xdecode_64_ops_trace.csv,decode,1,1,6,PIM0,pim,9,"LN:-1,QK:0,Softmax:0,SV:0,Add:-1,LN:-1,SwiGLU:0,SwiGLU:1,Add:-1",6.727600000011602e-05,1.6819e-05,pim|decode|1|eba483edef50291578f13ab69ef2efef,1,sample_step,0.004238388000007309,0.001059597,-5.045700000011602e-05,0.24999999999956884,-0.0031787910000073095,0.24999999999956887
heft_prefill-1024xdecode_64_ops_trace.csv,decode,1,1,6,GPU0,npu,14,"Q:0,Q:1,K:0,K:1,V:0,V:1,O:0,O:1,FFN_W1:0,FFN_W3:0,FFN_W1:1,FFN_W3:1,FFN_W2:0,FFN_W2:1",0.0003907303640406923,0.0005048319816589355,npu|decode|1|58672e7680bc9d88d790ef6aa34bd903,1,sample_step,0.024616012934563614,0.031804414844512935,0.00011410161761824325,1.2920213736098591,0.007188401909949321,1.292021373609859
heft_prefill-1024xdecode_64_ops_trace.csv,decode,1,1,6,PIM1,pim,3,"QK:1,Softmax:1,SV:1",5.27160000000082e-05,1.3179e-05,pim|decode|1|583a2f400a32ef30361deb25375d6d1d,1,sample_step,0.0033211080000005166,0.000830277,-3.95370000000082e-05,0.24999999999996111,-0.0024908310000005167,0.24999999999996111
heft_prefill-1024xdecode_64_ops_trace.csv,decode,1,1,7,PIM0,pim,9,"LN:-1,QK:0,Softmax:0,SV:0,Add:-1,LN:-1,SwiGLU:0,SwiGLU:1,Add:-1",6.727600000011602e-05,1.6819e-05,pim|decode|1|eba483edef50291578f13ab69ef2efef,1,sample_step,0.004238388000007309,0.001059597,-5.045700000011602e-05,0.24999999999956884,-0.0031787910000073095,0.24999999999956887
heft_prefill-1024xdecode_64_ops_trace.csv,decode,1,1,7,GPU0,npu,14,"Q:0,Q:1,K:0,K:1,V:0,V:1,O:0,O:1,FFN_W1:0,FFN_W3:0,FFN_W1:1,FFN_W3:1,FFN_W2:0,FFN_W2:1",0.0003907303640406923,0.0005048319816589355,npu|decode|1|58672e7680bc9d88d790ef6aa34bd903,1,sample_step,0.024616012934563614,0.031804414844512935,0.00011410161761824325,1.2920213736098591,0.007188401909949321,1.292021373609859
heft_prefill-1024xdecode_64_ops_trace.csv,decode,1,1,7,PIM1,pim,3,"QK:1,Softmax:1,SV:1",5.27160000000082e-05,1.3179e-05,pim|decode|1|583a2f400a32ef30361deb25375d6d1d,1,sample_step,0.0033211080000005166,0.000830277,-3.95370000000082e-05,0.24999999999996111,-0.0024908310000005167,0.24999999999996111
heft_prefill-1024xdecode_64_ops_trace.csv,decode,1,1,8,PIM0,pim,9,"LN:-1,QK:0,Softmax:0,SV:0,Add:-1,LN:-1,SwiGLU:0,SwiGLU:1,Add:-1",6.727600000011602e-05,1.6819e-05,pim|decode|1|eba483edef50291578f13ab69ef2efef,1,sample_step,0.004238388000007309,0.001059597,-5.045700000011602e-05,0.24999999999956884,-0.0031787910000073095,0.24999999999956887
heft_prefill-1024xdecode_64_ops_trace.csv,decode,1,1,8,GPU0,npu,14,"Q:0,Q:1,K:0,K:1,V:0,V:1,O:0,O:1,FFN_W1:0,FFN_W3:0,FFN_W1:1,FFN_W3:1,FFN_W2:0,FFN_W2:1",0.0003907303640406923,0.0005048319816589355,npu|decode|1|58672e7680bc9d88d790ef6aa34bd903,1,sample_step,0.024616012934563614,0.031804414844512935,0.00011410161761824325,1.2920213736098591,0.007188401909949321,1.292021373609859
heft_prefill-1024xdecode_64_ops_trace.csv,decode,1,1,8,PIM1,pim,3,"QK:1,Softmax:1,SV:1",5.27160000000082e-05,1.3179e-05,pim|decode|1|583a2f400a32ef30361deb25375d6d1d,1,sample_step,0.0033211080000005166,0.000830277,-3.95370000000082e-05,0.24999999999996111,-0.0024908310000005167,0.24999999999996111
heft_prefill-1024xdecode_64_ops_trace.csv,decode,1,1,9,PIM0,pim,9,"LN:-1,QK:0,Softmax:0,SV:0,Add:-1,LN:-1,SwiGLU:0,SwiGLU:1,Add:-1",6.727600000011602e-05,1.6819e-05,pim|decode|1|eba483edef50291578f13ab69ef2efef,1,sample_step,0.004238388000007309,0.001059597,-5.045700000011602e-05,0.24999999999956884,-0.0031787910000073095,0.24999999999956887
heft_prefill-1024xdecode_64_ops_trace.csv,decode,1,1,9,GPU0,npu,14,"Q:0,Q:1,K:0,K:1,V:0,V:1,O:0,O:1,FFN_W1:0,FFN_W3:0,FFN_W1:1,FFN_W3:1,FFN_W2:0,FFN_W2:1",0.0003907303640406923,0.0005048319816589355,npu|decode|1|58672e7680bc9d88d790ef6aa34bd903,1,sample_step,0.024616012934563614,0.031804414844512935,0.00011410161761824325,1.2920213736098591,0.007188401909949321,1.292021373609859
heft_prefill-1024xdecode_64_ops_trace.csv,decode,1,1,9,PIM1,pim,3,"QK:1,Softmax:1,SV:1",5.27160000000082e-05,1.3179e-05,pim|decode|1|583a2f400a32ef30361deb25375d6d1d,1,sample_step,0.0033211080000005166,0.000830277,-3.95370000000082e-05,0.24999999999996111,-0.0024908310000005167,0.24999999999996111
heft_prefill-1024xdecode_64_ops_trace.csv,decode,1,1,10,PIM0,pim,9,"LN:-1,QK:0,Softmax:0,SV:0,Add:-1,LN:-1,SwiGLU:0,SwiGLU:1,Add:-1",6.727600000011602e-05,1.6819e-05,pim|decode|1|eba483edef50291578f13ab69ef2efef,1,sample_step,0.004238388000007309,0.001059597,-5.045700000011602e-05,0.24999999999956884,-0.0031787910000073095,0.24999999999956887
heft_prefill-1024xdecode_64_ops_trace.csv,decode,1,1,10,GPU0,npu,14,"Q:0,Q:1,K:0,K:1,V:0,V:1,O:0,O:1,FFN_W1:0,FFN_W3:0,FFN_W1:1,FFN_W3:1,FFN_W2:0,FFN_W2:1",0.0003907303640406923,0.0005048319816589355,npu|decode|1|58672e7680bc9d88d790ef6aa34bd903,1,sample_step,0.024616012934563614,0.031804414844512935,0.00011410161761824325,1.2920213736098591,0.007188401909949321,1.292021373609859
heft_prefill-1024xdecode_64_ops_trace.csv,decode,1,1,10,PIM1,pim,3,"QK:1,Softmax:1,SV:1",5.27160000000082e-05,1.3179e-05,pim|decode|1|583a2f400a32ef30361deb25375d6d1d,1,sample_step,0.0033211080000005166,0.000830277,-3.95370000000082e-05,0.24999999999996111,-0.0024908310000005167,0.24999999999996111
heft_prefill-1024xdecode_64_ops_trace.csv,decode,1,1,11,PIM0,pim,9,"LN:-1,QK:0,Softmax:0,SV:0,Add:-1,LN:-1,SwiGLU:0,SwiGLU:1,Add:-1",6.727600000011602e-05,1.6819e-05,pim|decode|1|eba483edef50291578f13ab69ef2efef,1,sample_step,0.004238388000007309,0.001059597,-5.045700000011602e-05,0.24999999999956884,-0.0031787910000073095,0.24999999999956887
heft_prefill-1024xdecode_64_ops_trace.csv,decode,1,1,11,GPU0,npu,14,"Q:0,Q:1,K:0,K:1,V:0,V:1,O:0,O:1,FFN_W1:0,FFN_W3:0,FFN_W1:1,FFN_W3:1,FFN_W2:0,FFN_W2:1",0.0003907303640406923,0.0005048319816589355,npu|decode|1|58672e7680bc9d88d790ef6aa34bd903,1,sample_step,0.024616012934563614,0.031804414844512935,0.00011410161761824325,1.2920213736098591,0.007188401909949321,1.292021373609859
heft_prefill-1024xdecode_64_ops_trace.csv,decode,1,1,11,PIM1,pim,3,"QK:1,Softmax:1,SV:1",5.27160000000082e-05,1.3179e-05,pim|decode|1|583a2f400a32ef30361deb25375d6d1d,1,sample_step,0.0033211080000005166,0.000830277,-3.95370000000082e-05,0.24999999999996111,-0.0024908310000005167,0.24999999999996111
heft_prefill-1024xdecode_64_ops_trace.csv,decode,1,1,12,PIM0,pim,9,"LN:-1,QK:0,Softmax:0,SV:0,Add:-1,LN:-1,SwiGLU:0,SwiGLU:1,Add:-1",6.727600000011602e-05,1.6819e-05,pim|decode|1|eba483edef50291578f13ab69ef2efef,1,sample_step,0.004238388000007309,0.001059597,-5.045700000011602e-05,0.24999999999956884,-0.0031787910000073095,0.24999999999956887
heft_prefill-1024xdecode_64_ops_trace.csv,decode,1,1,12,GPU0,npu,14,"Q:0,Q:1,K:0,K:1,V:0,V:1,O:0,O:1,FFN_W1:0,FFN_W3:0,FFN_W1:1,FFN_W3:1,FFN_W2:0,FFN_W2:1",0.0003907303640406923,0.0005048319816589355,npu|decode|1|58672e7680bc9d88d790ef6aa34bd903,1,sample_step,0.024616012934563614,0.031804414844512935,0.00011410161761824325,1.2920213736098591,0.007188401909949321,1.292021373609859
heft_prefill-1024xdecode_64_ops_trace.csv,decode,1,1,12,PIM1,pim,3,"QK:1,Softmax:1,SV:1",5.27160000000082e-05,1.3179e-05,pim|decode|1|583a2f400a32ef30361deb25375d6d1d,1,sample_step,0.0033211080000005166,0.000830277,-3.95370000000082e-05,0.24999999999996111,-0.0024908310000005167,0.24999999999996111
heft_prefill-1024xdecode_64_ops_trace.csv,decode,1,1,13,PIM0,pim,9,"LN:-1,QK:0,Softmax:0,SV:0,Add:-1,LN:-1,SwiGLU:0,SwiGLU:1,Add:-1",6.727600000011602e-05,1.6819e-05,pim|decode|1|eba483edef50291578f13ab69ef2efef,1,sample_step,0.004238388000007309,0.001059597,-5.045700000011602e-05,0.24999999999956884,-0.0031787910000073095,0.24999999999956887
heft_prefill-1024xdecode_64_ops_trace.csv,decode,1,1,13,GPU0,npu,14,"Q:0,Q:1,K:0,K:1,V:0,V:1,O:0,O:1,FFN_W1:0,FFN_W3:0,FFN_W1:1,FFN_W3:1,FFN_W2:0,FFN_W2:1",0.0003907303640406923,0.0005048319816589355,npu|decode|1|58672e7680bc9d88d790ef6aa34bd903,1,sample_step,0.024616012934563614,0.031804414844512935,0.00011410161761824325,1.2920213736098591,0.007188401909949321,1.292021373609859
heft_prefill-1024xdecode_64_ops_trace.csv,decode,1,1,13,PIM1,pim,3,"QK:1,Softmax:1,SV:1",5.27160000000082e-05,1.3179e-05,pim|decode|1|583a2f400a32ef30361deb25375d6d1d,1,sample_step,0.0033211080000005166,0.000830277,-3.95370000000082e-05,0.24999999999996111,-0.0024908310000005167,0.24999999999996111
heft_prefill-1024xdecode_64_ops_trace.csv,decode,1,1,14,PIM0,pim,9,"LN:-1,QK:0,Softmax:0,SV:0,Add:-1,LN:-1,SwiGLU:0,SwiGLU:1,Add:-1",6.727600000011602e-05,1.6819e-05,pim|decode|1|eba483edef50291578f13ab69ef2efef,1,sample_step,0.004238388000007309,0.001059597,-5.045700000011602e-05,0.24999999999956884,-0.0031787910000073095,0.24999999999956887
heft_prefill-1024xdecode_64_ops_trace.csv,decode,1,1,14,GPU0,npu,14,"Q:0,Q:1,K:0,K:1,V:0,V:1,O:0,O:1,FFN_W1:0,FFN_W3:0,FFN_W1:1,FFN_W3:1,FFN_W2:0,FFN_W2:1",0.0003907303640406923,0.0005048319816589355,npu|decode|1|58672e7680bc9d88d790ef6aa34bd903,1,sample_step,0.024616012934563614,0.031804414844512935,0.00011410161761824325,1.2920213736098591,0.007188401909949321,1.292021373609859
heft_prefill-1024xdecode_64_ops_trace.csv,decode,1,1,14,PIM1,pim,3,"QK:1,Softmax:1,SV:1",5.27160000000082e-05,1.3179e-05,pim|decode|1|583a2f400a32ef30361deb25375d6d1d,1,sample_step,0.0033211080000005166,0.000830277,-3.95370000000082e-05,0.24999999999996111,-0.0024908310000005167,0.24999999999996111
heft_prefill-1024xdecode_64_ops_trace.csv,decode,1,1,15,PIM0,pim,9,"LN:-1,QK:0,Softmax:0,SV:0,Add:-1,LN:-1,SwiGLU:0,SwiGLU:1,Add:-1",6.727600000011602e-05,1.6819e-05,pim|decode|1|eba483edef50291578f13ab69ef2efef,1,sample_step,0.004238388000007309,0.001059597,-5.045700000011602e-05,0.24999999999956884,-0.0031787910000073095,0.24999999999956887
heft_prefill-1024xdecode_64_ops_trace.csv,decode,1,1,15,GPU0,npu,14,"Q:0,Q:1,K:0,K:1,V:0,V:1,O:0,O:1,FFN_W1:0,FFN_W3:0,FFN_W1:1,FFN_W3:1,FFN_W2:0,FFN_W2:1",0.0003907303640406923,0.0005048319816589355,npu|decode|1|58672e7680bc9d88d790ef6aa34bd903,1,sample_step,0.024616012934563614,0.031804414844512935,0.00011410161761824325,1.2920213736098591,0.007188401909949321,1.292021373609859
heft_prefill-1024xdecode_64_ops_trace.csv,decode,1,1,15,PIM1,pim,3,"QK:1,Softmax:1,SV:1",5.27160000000082e-05,1.3179e-05,pim|decode|1|583a2f400a32ef30361deb25375d6d1d,1,sample_step,0.0033211080000005166,0.000830277,-3.95370000000082e-05,0.24999999999996111,-0.0024908310000005167,0.24999999999996111
heft_prefill-1024xdecode_64_ops_trace.csv,decode,1,1,16,PIM0,pim,9,"LN:-1,QK:0,Softmax:0,SV:0,Add:-1,LN:-1,SwiGLU:0,SwiGLU:1,Add:-1",6.727600000011602e-05,1.6819e-05,pim|decode|1|eba483edef50291578f13ab69ef2efef,1,sample_step,0.004238388000007309,0.001059597,-5.045700000011602e-05,0.24999999999956884,-0.0031787910000073095,0.24999999999956887
heft_prefill-1024xdecode_64_ops_trace.csv,decode,1,1,16,GPU0,npu,14,"Q:0,Q:1,K:0,K:1,V:0,V:1,O:0,O:1,FFN_W1:0,FFN_W3:0,FFN_W1:1,FFN_W3:1,FFN_W2:0,FFN_W2:1",0.0003907303640406923,0.0005048319816589355,npu|decode|1|58672e7680bc9d88d790ef6aa34bd903,1,sample_step,0.024616012934563614,0.031804414844512935,0.00011410161761824325,1.2920213736098591,0.007188401909949321,1.292021373609859
heft_prefill-1024xdecode_64_ops_trace.csv,decode,1,1,16,PIM1,pim,3,"QK:1,Softmax:1,SV:1",5.27160000000082e-05,1.3179e-05,pim|decode|1|583a2f400a32ef30361deb25375d6d1d,1,sample_step,0.0033211080000005166,0.000830277,-3.95370000000082e-05,0.24999999999996111,-0.0024908310000005167,0.24999999999996111
heft_prefill-1024xdecode_64_ops_trace.csv,decode,1,1,17,PIM0,pim,9,"LN:-1,QK:0,Softmax:0,SV:0,Add:-1,LN:-1,SwiGLU:0,SwiGLU:1,Add:-1",6.727600000011602e-05,1.6819e-05,pim|decode|1|eba483edef50291578f13ab69ef2efef,1,sample_step,0.004238388000007309,0.001059597,-5.045700000011602e-05,0.24999999999956884,-0.0031787910000073095,0.24999999999956887
heft_prefill-1024xdecode_64_ops_trace.csv,decode,1,1,17,GPU0,npu,14,"Q:0,Q:1,K:0,K:1,V:0,V:1,O:0,O:1,FFN_W1:0,FFN_W3:0,FFN_W1:1,FFN_W3:1,FFN_W2:0,FFN_W2:1",0.0003907303640406923,0.0005048319816589355,npu|decode|1|58672e7680bc9d88d790ef6aa34bd903,1,sample_step,0.024616012934563614,0.031804414844512935,0.00011410161761824325,1.2920213736098591,0.007188401909949321,1.292021373609859
heft_prefill-1024xdecode_64_ops_trace.csv,decode,1,1,17,PIM1,pim,3,"QK:1,Softmax:1,SV:1",5.27160000000082e-05,1.3179e-05,pim|decode|1|583a2f400a32ef30361deb25375d6d1d,1,sample_step,0.0033211080000005166,0.000830277,-3.95370000000082e-05,0.24999999999996111,-0.0024908310000005167,0.24999999999996111
heft_prefill-1024xdecode_64_ops_trace.csv,decode,1,1,18,PIM0,pim,9,"LN:-1,QK:0,Softmax:0,SV:0,Add:-1,LN:-1,SwiGLU:0,SwiGLU:1,Add:-1",6.727600000011602e-05,1.6819e-05,pim|decode|1|eba483edef50291578f13ab69ef2efef,1,sample_step,0.004238388000007309,0.001059597,-5.045700000011602e-05,0.24999999999956884,-0.0031787910000073095,0.24999999999956887
heft_prefill-1024xdecode_64_ops_trace.csv,decode,1,1,18,GPU0,npu,14,"Q:0,Q:1,K:0,K:1,V:0,V:1,O:0,O:1,FFN_W1:0,FFN_W3:0,FFN_W1:1,FFN_W3:1,FFN_W2:0,FFN_W2:1",0.0003907303640406923,0.0005048319816589355,npu|decode|1|58672e7680bc9d88d790ef6aa34bd903,1,sample_step,0.024616012934563614,0.031804414844512935,0.00011410161761824325,1.2920213736098591,0.007188401909949321,1.292021373609859
heft_prefill-1024xdecode_64_ops_trace.csv,decode,1,1,18,PIM1,pim,3,"QK:1,Softmax:1,SV:1",5.27160000000082e-05,1.3179e-05,pim|decode|1|583a2f400a32ef30361deb25375d6d1d,1,sample_step,0.0033211080000005166,0.000830277,-3.95370000000082e-05,0.24999999999996111,-0.0024908310000005167,0.24999999999996111
heft_prefill-1024xdecode_64_ops_trace.csv,decode,1,1,19,PIM0,pim,9,"LN:-1,QK:0,Softmax:0,SV:0,Add:-1,LN:-1,SwiGLU:0,SwiGLU:1,Add:-1",6.727600000011602e-05,1.6819e-05,pim|decode|1|eba483edef50291578f13ab69ef2efef,1,sample_step,0.004238388000007309,0.001059597,-5.045700000011602e-05,0.24999999999956884,-0.0031787910000073095,0.24999999999956887
heft_prefill-1024xdecode_64_ops_trace.csv,decode,1,1,19,GPU0,npu,14,"Q:0,Q:1,K:0,K:1,V:0,V:1,O:0,O:1,FFN_W1:0,FFN_W3:0,FFN_W1:1,FFN_W3:1,FFN_W2:0,FFN_W2:1",0.0003907303640406923,0.0005048319816589355,npu|decode|1|58672e7680bc9d88d790ef6aa34bd903,1,sample_step,0.024616012934563614,0.031804414844512935,0.00011410161761824325,1.2920213736098591,0.007188401909949321,1.292021373609859
heft_prefill-1024xdecode_64_ops_trace.csv,decode,1,1,19,PIM1,pim,3,"QK:1,Softmax:1,SV:1",5.27160000000082e-05,1.3179e-05,pim|decode|1|583a2f400a32ef30361deb25375d6d1d,1,sample_step,0.0033211080000005166,0.000830277,-3.95370000000082e-05,0.24999999999996111,-0.0024908310000005167,0.24999999999996111
heft_prefill-1024xdecode_64_ops_trace.csv,decode,1,1,20,PIM0,pim,9,"LN:-1,QK:0,Softmax:0,SV:0,Add:-1,LN:-1,SwiGLU:0,SwiGLU:1,Add:-1",6.727600000011602e-05,1.6819e-05,pim|decode|1|eba483edef50291578f13ab69ef2efef,1,sample_step,0.004238388000007309,0.001059597,-5.045700000011602e-05,0.24999999999956884,-0.0031787910000073095,0.24999999999956887
heft_prefill-1024xdecode_64_ops_trace.csv,decode,1,1,20,GPU0,npu,14,"Q:0,Q:1,K:0,K:1,V:0,V:1,O:0,O:1,FFN_W1:0,FFN_W3:0,FFN_W1:1,FFN_W3:1,FFN_W2:0,FFN_W2:1",0.0003907303640406923,0.0005048319816589355,npu|decode|1|58672e7680bc9d88d790ef6aa34bd903,1,sample_step,0.024616012934563614,0.031804414844512935,0.00011410161761824325,1.2920213736098591,0.007188401909949321,1.292021373609859
heft_prefill-1024xdecode_64_ops_trace.csv,decode,1,1,20,PIM1,pim,3,"QK:1,Softmax:1,SV:1",5.27160000000082e-05,1.3179e-05,pim|decode|1|583a2f400a32ef30361deb25375d6d1d,1,sample_step,0.0033211080000005166,0.000830277,-3.95370000000082e-05,0.24999999999996111,-0.0024908310000005167,0.24999999999996111
heft_prefill-1024xdecode_64_ops_trace.csv,decode,1,1,21,PIM0,pim,9,"LN:-1,QK:0,Softmax:0,SV:0,Add:-1,LN:-1,SwiGLU:0,SwiGLU:1,Add:-1",6.727600000011602e-05,1.6819e-05,pim|decode|1|eba483edef50291578f13ab69ef2efef,1,sample_step,0.004238388000007309,0.001059597,-5.045700000011602e-05,0.24999999999956884,-0.0031787910000073095,0.24999999999956887
heft_prefill-1024xdecode_64_ops_trace.csv,decode,1,1,21,GPU0,npu,14,"Q:0,Q:1,K:0,K:1,V:0,V:1,O:0,O:1,FFN_W1:0,FFN_W3:0,FFN_W1:1,FFN_W3:1,FFN_W2:0,FFN_W2:1",0.0003907303640406923,0.0005048319816589355,npu|decode|1|58672e7680bc9d88d790ef6aa34bd903,1,sample_step,0.024616012934563614,0.031804414844512935,0.00011410161761824325,1.2920213736098591,0.007188401909949321,1.292021373609859
heft_prefill-1024xdecode_64_ops_trace.csv,decode,1,1,21,PIM1,pim,3,"QK:1,Softmax:1,SV:1",5.27160000000082e-05,1.3179e-05,pim|decode|1|583a2f400a32ef30361deb25375d6d1d,1,sample_step,0.0033211080000005166,0.000830277,-3.95370000000082e-05,0.24999999999996111,-0.0024908310000005167,0.24999999999996111
heft_prefill-1024xdecode_64_ops_trace.csv,decode,1,1,22,PIM0,pim,9,"LN:-1,QK:0,Softmax:0,SV:0,Add:-1,LN:-1,SwiGLU:0,SwiGLU:1,Add:-1",6.727600000011602e-05,1.6819e-05,pim|decode|1|eba483edef50291578f13ab69ef2efef,1,sample_step,0.004238388000007309,0.001059597,-5.045700000011602e-05,0.24999999999956884,-0.0031787910000073095,0.24999999999956887
heft_prefill-1024xdecode_64_ops_trace.csv,decode,1,1,22,GPU0,npu,14,"Q:0,Q:1,K:0,K:1,V:0,V:1,O:0,O:1,FFN_W1:0,FFN_W3:0,FFN_W1:1,FFN_W3:1,FFN_W2:0,FFN_W2:1",0.0003907303640406923,0.0005048319816589355,npu|decode|1|58672e7680bc9d88d790ef6aa34bd903,1,sample_step,0.024616012934563614,0.031804414844512935,0.00011410161761824325,1.2920213736098591,0.007188401909949321,1.292021373609859
heft_prefill-1024xdecode_64_ops_trace.csv,decode,1,1,22,PIM1,pim,3,"QK:1,Softmax:1,SV:1",5.27160000000082e-05,1.3179e-05,pim|decode|1|583a2f400a32ef30361deb25375d6d1d,1,sample_step,0.0033211080000005166,0.000830277,-3.95370000000082e-05,0.24999999999996111,-0.0024908310000005167,0.24999999999996111
heft_prefill-1024xdecode_64_ops_trace.csv,decode,1,1,23,PIM0,pim,9,"LN:-1,QK:0,Softmax:0,SV:0,Add:-1,LN:-1,SwiGLU:0,SwiGLU:1,Add:-1",6.727600000011602e-05,1.6819e-05,pim|decode|1|eba483edef50291578f13ab69ef2efef,1,sample_step,0.004238388000007309,0.001059597,-5.045700000011602e-05,0.24999999999956884,-0.0031787910000073095,0.24999999999956887
heft_prefill-1024xdecode_64_ops_trace.csv,decode,1,1,23,GPU0,npu,14,"Q:0,Q:1,K:0,K:1,V:0,V:1,O:0,O:1,FFN_W1:0,FFN_W3:0,FFN_W1:1,FFN_W3:1,FFN_W2:0,FFN_W2:1",0.0003907303640406923,0.0005048319816589355,npu|decode|1|58672e7680bc9d88d790ef6aa34bd903,1,sample_step,0.024616012934563614,0.031804414844512935,0.00011410161761824325,1.2920213736098591,0.007188401909949321,1.292021373609859
heft_prefill-1024xdecode_64_ops_trace.csv,decode,1,1,23,PIM1,pim,3,"QK:1,Softmax:1,SV:1",5.27160000000082e-05,1.3179e-05,pim|decode|1|583a2f400a32ef30361deb25375d6d1d,1,sample_step,0.0033211080000005166,0.000830277,-3.95370000000082e-05,0.24999999999996111,-0.0024908310000005167,0.24999999999996111
heft_prefill-1024xdecode_64_ops_trace.csv,decode,1,1,24,PIM0,pim,9,"LN:-1,QK:0,Softmax:0,SV:0,Add:-1,LN:-1,SwiGLU:0,SwiGLU:1,Add:-1",6.727600000011602e-05,1.6819e-05,pim|decode|1|eba483edef50291578f13ab69ef2efef,1,sample_step,0.004238388000007309,0.001059597,-5.045700000011602e-05,0.24999999999956884,-0.0031787910000073095,0.24999999999956887
heft_prefill-1024xdecode_64_ops_trace.csv,decode,1,1,24,GPU0,npu,14,"Q:0,Q:1,K:0,K:1,V:0,V:1,O:0,O:1,FFN_W1:0,FFN_W3:0,FFN_W1:1,FFN_W3:1,FFN_W2:0,FFN_W2:1",0.0003907303640406923,0.0005048319816589355,npu|decode|1|58672e7680bc9d88d790ef6aa34bd903,1,sample_step,0.024616012934563614,0.031804414844512935,0.00011410161761824325,1.2920213736098591,0.007188401909949321,1.292021373609859
heft_prefill-1024xdecode_64_ops_trace.csv,decode,1,1,24,PIM1,pim,3,"QK:1,Softmax:1,SV:1",5.27160000000082e-05,1.3179e-05,pim|decode|1|583a2f400a32ef30361deb25375d6d1d,1,sample_step,0.0033211080000005166,0.000830277,-3.95370000000082e-05,0.24999999999996111,-0.0024908310000005167,0.24999999999996111
heft_prefill-1024xdecode_64_ops_trace.csv,decode,1,1,25,PIM0,pim,9,"LN:-1,QK:0,Softmax:0,SV:0,Add:-1,LN:-1,SwiGLU:0,SwiGLU:1,Add:-1",6.727600000011602e-05,1.6819e-05,pim|decode|1|eba483edef50291578f13ab69ef2efef,1,sample_step,0.004238388000007309,0.001059597,-5.045700000011602e-05,0.24999999999956884,-0.0031787910000073095,0.24999999999956887
heft_prefill-1024xdecode_64_ops_trace.csv,decode,1,1,25,GPU0,npu,14,"Q:0,Q:1,K:0,K:1,V:0,V:1,O:0,O:1,FFN_W1:0,FFN_W3:0,FFN_W1:1,FFN_W3:1,FFN_W2:0,FFN_W2:1",0.0003907303640406923,0.0005048319816589355,npu|decode|1|58672e7680bc9d88d790ef6aa34bd903,1,sample_step,0.024616012934563614,0.031804414844512935,0.00011410161761824325,1.2920213736098591,0.007188401909949321,1.292021373609859
heft_prefill-1024xdecode_64_ops_trace.csv,decode,1,1,25,PIM1,pim,3,"QK:1,Softmax:1,SV:1",5.27160000000082e-05,1.3179e-05,pim|decode|1|583a2f400a32ef30361deb25375d6d1d,1,sample_step,0.0033211080000005166,0.000830277,-3.95370000000082e-05,0.24999999999996111,-0.0024908310000005167,0.24999999999996111
heft_prefill-1024xdecode_64_ops_trace.csv,decode,1,1,26,PIM0,pim,9,"LN:-1,QK:0,Softmax:0,SV:0,Add:-1,LN:-1,SwiGLU:0,SwiGLU:1,Add:-1",6.727600000011602e-05,1.6819e-05,pim|decode|1|eba483edef50291578f13ab69ef2efef,1,sample_step,0.004238388000007309,0.001059597,-5.045700000011602e-05,0.24999999999956884,-0.0031787910000073095,0.24999999999956887
heft_prefill-1024xdecode_64_ops_trace.csv,decode,1,1,26,GPU0,npu,14,"Q:0,Q:1,K:0,K:1,V:0,V:1,O:0,O:1,FFN_W1:0,FFN_W3:0,FFN_W1:1,FFN_W3:1,FFN_W2:0,FFN_W2:1",0.0003907303640406923,0.0005048319816589355,npu|decode|1|58672e7680bc9d88d790ef6aa34bd903,1,sample_step,0.024616012934563614,0.031804414844512935,0.00011410161761824325,1.2920213736098591,0.007188401909949321,1.292021373609859
heft_prefill-1024xdecode_64_ops_trace.csv,decode,1,1,26,PIM1,pim,3,"QK:1,Softmax:1,SV:1",5.27160000000082e-05,1.3179e-05,pim|decode|1|583a2f400a32ef30361deb25375d6d1d,1,sample_step,0.0033211080000005166,0.000830277,-3.95370000000082e-05,0.24999999999996111,-0.0024908310000005167,0.24999999999996111
heft_prefill-1024xdecode_64_ops_trace.csv,decode,1,1,27,PIM0,pim,9,"LN:-1,QK:0,Softmax:0,SV:0,Add:-1,LN:-1,SwiGLU:0,SwiGLU:1,Add:-1",6.727600000011602e-05,1.6819e-05,pim|decode|1|eba483edef50291578f13ab69ef2efef,1,sample_step,0.004238388000007309,0.001059597,-5.045700000011602e-05,0.24999999999956884,-0.0031787910000073095,0.24999999999956887
heft_prefill-1024xdecode_64_ops_trace.csv,decode,1,1,27,GPU0,npu,14,"Q:0,Q:1,K:0,K:1,V:0,V:1,O:0,O:1,FFN_W1:0,FFN_W3:0,FFN_W1:1,FFN_W3:1,FFN_W2:0,FFN_W2:1",0.0003907303640406923,0.0005048319816589355,npu|decode|1|58672e7680bc9d88d790ef6aa34bd903,1,sample_step,0.024616012934563614,0.031804414844512935,0.00011410161761824325,1.2920213736098591,0.007188401909949321,1.292021373609859
heft_prefill-1024xdecode_64_ops_trace.csv,decode,1,1,27,PIM1,pim,3,"QK:1,Softmax:1,SV:1",5.27160000000082e-05,1.3179e-05,pim|decode|1|583a2f400a32ef30361deb25375d6d1d,1,sample_step,0.0033211080000005166,0.000830277,-3.95370000000082e-05,0.24999999999996111,-0.0024908310000005167,0.24999999999996111
heft_prefill-1024xdecode_64_ops_trace.csv,decode,1,1,28,PIM0,pim,9,"LN:-1,QK:0,Softmax:0,SV:0,Add:-1,LN:-1,SwiGLU:0,SwiGLU:1,Add:-1",6.727600000011602e-05,1.6819e-05,pim|decode|1|eba483edef50291578f13ab69ef2efef,1,sample_step,0.004238388000007309,0.001059597,-5.045700000011602e-05,0.24999999999956884,-0.0031787910000073095,0.24999999999956887
heft_prefill-1024xdecode_64_ops_trace.csv,decode,1,1,28,GPU0,npu,14,"Q:0,Q:1,K:0,K:1,V:0,V:1,O:0,O:1,FFN_W1:0,FFN_W3:0,FFN_W1:1,FFN_W3:1,FFN_W2:0,FFN_W2:1",0.0003907303640406923,0.0005048319816589355,npu|decode|1|58672e7680bc9d88d790ef6aa34bd903,1,sample_step,0.024616012934563614,0.031804414844512935,0.00011410161761824325,1.2920213736098591,0.007188401909949321,1.292021373609859
heft_prefill-1024xdecode_64_ops_trace.csv,decode,1,1,28,PIM1,pim,3,"QK:1,Softmax:1,SV:1",5.27160000000082e-05,1.3179e-05,pim|decode|1|583a2f400a32ef30361deb25375d6d1d,1,sample_step,0.0033211080000005166,0.000830277,-3.95370000000082e-05,0.24999999999996111,-0.0024908310000005167,0.24999999999996111
heft_prefill-1024xdecode_64_ops_trace.csv,decode,1,1,29,PIM0,pim,9,"LN:-1,QK:0,Softmax:0,SV:0,Add:-1,LN:-1,SwiGLU:0,SwiGLU:1,Add:-1",6.727600000011602e-05,1.6819e-05,pim|decode|1|eba483edef50291578f13ab69ef2efef,1,sample_step,0.004238388000007309,0.001059597,-5.045700000011602e-05,0.24999999999956884,-0.0031787910000073095,0.24999999999956887
heft_prefill-1024xdecode_64_ops_trace.csv,decode,1,1,29,GPU0,npu,14,"Q:0,Q:1,K:0,K:1,V:0,V:1,O:0,O:1,FFN_W1:0,FFN_W3:0,FFN_W1:1,FFN_W3:1,FFN_W2:0,FFN_W2:1",0.0003907303640406923,0.0005048319816589355,npu|decode|1|58672e7680bc9d88d790ef6aa34bd903,1,sample_step,0.024616012934563614,0.031804414844512935,0.00011410161761824325,1.2920213736098591,0.007188401909949321,1.292021373609859
heft_prefill-1024xdecode_64_ops_trace.csv,decode,1,1,29,PIM1,pim,3,"QK:1,Softmax:1,SV:1",5.27160000000082e-05,1.3179e-05,pim|decode|1|583a2f400a32ef30361deb25375d6d1d,1,sample_step,0.0033211080000005166,0.000830277,-3.95370000000082e-05,0.24999999999996111,-0.0024908310000005167,0.24999999999996111
heft_prefill-1024xdecode_64_ops_trace.csv,decode,1,1,30,PIM0,pim,9,"LN:-1,QK:0,Softmax:0,SV:0,Add:-1,LN:-1,SwiGLU:0,SwiGLU:1,Add:-1",6.727600000011602e-05,1.6819e-05,pim|decode|1|eba483edef50291578f13ab69ef2efef,1,sample_step,0.004238388000007309,0.001059597,-5.045700000011602e-05,0.24999999999956884,-0.0031787910000073095,0.24999999999956887
heft_prefill-1024xdecode_64_ops_trace.csv,decode,1,1,30,GPU0,npu,14,"Q:0,Q:1,K:0,K:1,V:0,V:1,O:0,O:1,FFN_W1:0,FFN_W3:0,FFN_W1:1,FFN_W3:1,FFN_W2:0,FFN_W2:1",0.0003907303640406923,0.0005048319816589355,npu|decode|1|58672e7680bc9d88d790ef6aa34bd903,1,sample_step,0.024616012934563614,0.031804414844512935,0.00011410161761824325,1.2920213736098591,0.007188401909949321,1.292021373609859
heft_prefill-1024xdecode_64_ops_trace.csv,decode,1,1,30,PIM1,pim,3,"QK:1,Softmax:1,SV:1",5.27160000000082e-05,1.3179e-05,pim|decode|1|583a2f400a32ef30361deb25375d6d1d,1,sample_step,0.0033211080000005166,0.000830277,-3.95370000000082e-05,0.24999999999996111,-0.0024908310000005167,0.24999999999996111
heft_prefill-1024xdecode_64_ops_trace.csv,decode,1,1,31,PIM0,pim,9,"LN:-1,QK:0,Softmax:0,SV:0,Add:-1,LN:-1,SwiGLU:0,SwiGLU:1,Add:-1",6.727600000011602e-05,1.6819e-05,pim|decode|1|eba483edef50291578f13ab69ef2efef,1,sample_step,0.004238388000007309,0.001059597,-5.045700000011602e-05,0.24999999999956884,-0.0031787910000073095,0.24999999999956887
heft_prefill-1024xdecode_64_ops_trace.csv,decode,1,1,31,GPU0,npu,14,"Q:0,Q:1,K:0,K:1,V:0,V:1,O:0,O:1,FFN_W1:0,FFN_W3:0,FFN_W1:1,FFN_W3:1,FFN_W2:0,FFN_W2:1",0.0003907303640406923,0.0005048319816589355,npu|decode|1|58672e7680bc9d88d790ef6aa34bd903,1,sample_step,0.024616012934563614,0.031804414844512935,0.00011410161761824325,1.2920213736098591,0.007188401909949321,1.292021373609859
heft_prefill-1024xdecode_64_ops_trace.csv,decode,1,1,31,PIM1,pim,3,"QK:1,Softmax:1,SV:1",5.27160000000082e-05,1.3179e-05,pim|decode|1|583a2f400a32ef30361deb25375d6d1d,1,sample_step,0.0033211080000005166,0.000830277,-3.95370000000082e-05,0.24999999999996111,-0.0024908310000005167,0.24999999999996111
