instr,addr,pipe,call_count,cycles,running_time(us),detail
STI_XN_IMM,0x10d11108,SCALAR,1,532,0.000000,"dtype:B32,XN:X30=0x1080b0,IMM:0xea8,#POST:0,#IMM_TYPE:ONE,"
STI_XN_IMM,0x10d11100,SCALAR,1,495,0.000000,"dtype:B32,XN:X30=0x1080b0,IMM:0xe68,#POST:0,#IMM_TYPE:ONE,"
STI_XN_IMM,0x10d11104,SCALAR,1,495,0.000000,"dtype:B32,XN:X30=0x1080b0,IMM:0xe88,#POST:0,#IMM_TYPE:ONE,"
MOV_OUT_TO_L1_MULTI_ND2NZ,0x10d11610,MTE2,1,455,0.000000,"Src:OUT,Dst:L1,XD:X8=0x20,XN:X12=0x1154f600,XM:X13=0x4000400010,XT:X6=0x100400040,Dtype:B16,id:5"
MOV_OUT_TO_L1_MULTI_ND2NZ,0x10d115d4,MTE2,1,451,0.000000,"Src:OUT,Dst:L1,XD:X6=0,XN:X14=0x1154d400,XM:X12=0x4000400010,XT:X11=0x100400040,Dtype:B16,id:4"
MOV_OUT_TO_L1,0x10d1162c,MTE2,1,449,0.000000,"Src:OUT,Dst:L1,XD:X15=0x40,XN:X6=0x11551800,XM:X8=0x40010,id:6"
SET_FLAG,0x10d116c4,MTE2,1,387,0.000000,"PIPE:MTE2,TRIGGERPIPE:MTE1,FLAGID:0,"
SET_FLAG,0x10d116dc,MTE2,1,380,0.000000,"PIPE:MTE2,TRIGGERPIPE:MTE1,FLAGID:1,"
FIX_L0C_TO_DST,0x10d11ec4,FIXP,1,376,0.000000,"Src:L0C32,Dst:OUT,XD:X5=0x11551a00,XN:X2=0,XM:X3=0x4000400400,XT:X4=0x80000000040,id:17"
SET_FLAG,0x10d116e4,MTE2,1,375,0.000000,"PIPE:MTE2,TRIGGERPIPE:MTE1,FLAGID:2,"
WAIT_FLAG,0x10d11700,MTE1,1,367,0.000000,"PIPE:MTE2,TRIGGERPIPE:MTE1,FLAGID:0,"
SET_FLAG,0x10d11ee4,FIXP,1,365,0.000000,"PIPE:FIXP,TRIGGERPIPE:CUBE,FLAGID:0,"
LDP_XI_XJ_XN,0x10d11030,SCALAR,1,362,0.000000,"dtype:B64,XI:X1=0,XJ:X2=0,XN:X0=0x10537e00,IMM:0x10,"
LDP_XI_XJ_XN,0x10d11034,SCALAR,1,362,0.000000,"dtype:B64,XI:X5=0,XJ:X4=0,XN:X0=0x10537e00,IMM:0,"
LDP_XI_XJ_XN,0x10d11038,SCALAR,1,362,0.000000,"dtype:B32,XI:X3=0,XJ:X6=0,XN:X6=0x10537e24,IMM:0,"
LD_XD_XN_IMM,0x10d1103c,SCALAR,1,362,0.000000,"dtype:B32,XD:X7=0,XN:X0=0x10537e00,IMM:0x20,"
STP_XI_XJ_XN,0x10d11074,SCALAR,1,298,0.000000,"dtype:B64,XI:X0=0,XJ:X0=0,XN:X9=0x1079f8,IMM:0,"
STI_XN_IMM,0x10d11080,SCALAR,1,297,0.000000,"dtype:B64,XN:X30=0x1080b0,IMM:0x878,#POST:0,#IMM_TYPE:ZERO,"
STP_XI_XJ_XN,0x10d11084,SCALAR,1,296,0.000000,"dtype:B64,XI:X0=0,XJ:X0=0,XN:X8=0x107930,IMM:0,"
ST_XD_XN_IMM,0x10d11390,SCALAR,1,295,0.000000,"dtype:B32,XD:X5=0xc0,XN:X30=0x1080b0,IMM:0x940,"
STI_XN_IMM,0x10d1137c,SCALAR,1,293,0.000000,"dtype:B32,XN:X3=0x107a58,IMM:0xc,#POST:0,#IMM_TYPE:ALL_ONE,"
ST_XD_XN_IMM,0x10d11378,SCALAR,1,293,0.000000,"dtype:B32,XD:X7=0x80,XN:X3=0x107a58,IMM:0x8,"
ST_XD_XN_IMM,0x10d11060,SCALAR,1,291,0.000000,"dtype:B32,XD:X8=0x7ff80,XN:X30=0x1080b0,IMM:0xd80,"
STI_XN_IMM,0x10d110fc,SCALAR,1,290,0.000000,"dtype:B32,XN:X30=0x1080b0,IMM:0xe48,#POST:0,#IMM_TYPE:ONE,"
STI_XN_IMM,0x10d1106c,SCALAR,1,290,0.000000,"dtype:B8,XN:X30=0x1080b0,IMM:0xd84,#POST:0,#IMM_TYPE:ZERO,"
ST_XD_XN_IMM,0x10d112cc,SCALAR,1,289,0.000000,"dtype:B64,XD:X9=0x107a38,XN:X30=0x1080b0,IMM:0xde0,"
STI_XN_IMM,0x10d112c8,SCALAR,1,289,0.000000,"dtype:B64,XN:X30=0x1080b0,IMM:0xdd0,#POST:0,#IMM_TYPE:ONE,"
STI_XN_IMM,0x10d112e0,SCALAR,1,289,0.000000,"dtype:B32,XN:X9=0x107a38,IMM:0xc,#POST:0,#IMM_TYPE:ALL_ONE,"
ST_XD_XN_IMM,0x10d112d8,SCALAR,1,289,0.000000,"dtype:B32,XD:X7=0x20,XN:X9=0x107a38,IMM:0x8,"
STP_XI_XJ_XN,0x10d1109c,SCALAR,1,288,0.000000,"dtype:B64,XI:X0=0,XJ:X0=0,XN:X8=0x107978,IMM:0,"
STP_XI_XJ_XN,0x10d11098,SCALAR,1,288,0.000000,"dtype:B64,XI:X0=0,XJ:X0=0,XN:X8=0x107978,IMM:0x30,"
STP_XI_XJ_XN,0x10d11088,SCALAR,1,288,0.000000,"dtype:B64,XI:X0=0,XJ:X0=0,XN:X9=0x107958,IMM:0x30,"
STP_XI_XJ_XN,0x10d1108c,SCALAR,1,288,0.000000,"dtype:B64,XI:X0=0,XJ:X0=0,XN:X9=0x107958,IMM:0,"
ST_XD_XN_IMM,0x10d11210,SCALAR,1,287,0.000000,"dtype:B64,XD:X4=0x107a08,XN:X30=0x1080b0,IMM:0xd98,"
ST_XD_XN_IMM,0x10d11190,SCALAR,1,287,0.000000,"dtype:B64,XD:X10=0x107928,XN:X9=0x100000,IMM:0,"
STP_XI_XJ_XN,0x10d11070,SCALAR,1,283,0.000000,"dtype:B64,XI:X0=0,XJ:X0=0,XN:X8=0x1079e8,IMM:0,"
STI_XN_IMM,0x10d1133c,SCALAR,1,278,0.000000,"dtype:B32,XN:X7=0x107a48,IMM:0xc,#POST:0,#IMM_TYPE:ALL_ONE,"
ST_XD_XN_IMM,0x10d11334,SCALAR,1,278,0.000000,"dtype:B32,XD:X6=0x4000,XN:X7=0x107a48,IMM:0x8,"
ST_XD_XN_IMM,0x10d11330,SCALAR,1,278,0.000000,"dtype:B32,XD:X9=0,XN:X11=0x107a4c,IMM:0,"
ST_XD_XN_IMM,0x10d1132c,SCALAR,1,278,0.000000,"dtype:B32,XD:X10=0xffff1200,XN:X7=0x107a48,IMM:0,"
ST_XD_XN_IMM,0x10d11250,SCALAR,1,277,0.000000,"dtype:B64,XD:X10=0x107a18,XN:X30=0x1080b0,IMM:0xdb0,"
STI_XN_IMM,0x10d1124c,SCALAR,1,277,0.000000,"dtype:B64,XN:X30=0x1080b0,IMM:0xda0,#POST:0,#IMM_TYPE:ONE,"
STI_XN_IMM,0x10d11324,SCALAR,1,275,0.000000,"dtype:B64,XN:X30=0x1080b0,IMM:0xde8,#POST:0,#IMM_TYPE:ONE,"
ST_XD_XN_IMM,0x10d11328,SCALAR,1,275,0.000000,"dtype:B64,XD:X7=0x107a48,XN:X30=0x1080b0,IMM:0xdf8,"
ST_XD_XN_IMM,0x10d11370,SCALAR,1,270,0.000000,"dtype:B32,XD:X5=0xffff0100,XN:X3=0x107a58,IMM:0,"
ST_XD_XN_IMM,0x10d11374,SCALAR,1,270,0.000000,"dtype:B32,XD:X8=0x40,XN:X9=0x107a5c,IMM:0,"
STP_XI_XJ_XN,0x10d110b8,SCALAR,1,269,0.000000,"dtype:B64,XI:X0=0,XJ:X0=0,XN:X9=0x1079d8,IMM:0x30,"
STP_XI_XJ_XN,0x10d110b4,SCALAR,1,269,0.000000,"dtype:B64,XI:X0=0,XJ:X0=0,XN:X8=0x1079b8,IMM:0,"
STP_XI_XJ_XN,0x10d110a0,SCALAR,1,269,0.000000,"dtype:B64,XI:X0=0,XJ:X0=0,XN:X9=0x107998,IMM:0x30,"
STI_XN_IMM,0x10d110d0,SCALAR,1,267,0.000000,"dtype:B32,XN:X30=0x1080b0,IMM:0xd58,#POST:0,#IMM_TYPE:ALL_ONE,"
STI_XN_IMM,0x10d110d4,SCALAR,1,267,0.000000,"dtype:B32,XN:X30=0x1080b0,IMM:0xd60,#POST:0,#IMM_TYPE:ALL_ONE,"
STI_XN_IMM,0x10d110d8,SCALAR,1,267,0.000000,"dtype:B32,XN:X30=0x1080b0,IMM:0xd5c,#POST:0,#IMM_TYPE:ALL_ONE,"
ST_XD_XN_IMM,0x10d11294,SCALAR,1,267,0.000000,"dtype:B64,XD:X8=0x107a28,XN:X30=0x1080b0,IMM:0xdc8,"
ST_XD_XN_IMM,0x10d110f4,SCALAR,1,267,0.000000,"dtype:B64,XD:X9=0x7,XN:X30=0x1080b0,IMM:0x890,"
STI_XN_IMM,0x10d11290,SCALAR,1,267,0.000000,"dtype:B64,XN:X30=0x1080b0,IMM:0xdb8,#POST:0,#IMM_TYPE:ONE,"
STP_XI_XJ_XN,0x10d110bc,SCALAR,1,266,0.000000,"dtype:B64,XI:X0=0,XJ:X0=0,XN:X9=0x1079d8,IMM:0,"
STP_XI_XJ_XN,0x10d110b0,SCALAR,1,266,0.000000,"dtype:B64,XI:X0=0,XJ:X0=0,XN:X8=0x1079b8,IMM:0x30,"
STP_XI_XJ_XN,0x10d110a4,SCALAR,1,266,0.000000,"dtype:B64,XI:X0=0,XJ:X0=0,XN:X9=0x107998,IMM:0,"
STI_XN_IMM,0x10d11368,SCALAR,1,265,0.000000,"dtype:B64,XN:X30=0x1080b0,IMM:0xe00,#POST:0,#IMM_TYPE:ONE,"
LD_XD_XN_IMM,0x10d11398,SCALAR,1,265,0.000000,"dtype:B32,XD:X5=0,XN:X30=0x1080b0,IMM:0x950,"
STI_XN_IMM,0x10d110f8,SCALAR,1,261,0.000000,"dtype:B8,XN:X30=0x1080b0,IMM:0xd85,#POST:0,#IMM_TYPE:ZERO,"
STI_XN_IMM,0x10d11f20,SCALAR,7,259,0.120000,"dtype:B8,XN:X1=0x107a0b,IMM:0,#POST:0,#IMM_TYPE:ALL_ONE,"
LD_XD_XN_IMM,0x10d121e0,SCALAR,1,258,0.000000,"dtype:B64,XD:X16=0,XN:X17=0x108000,IMM:0xff0,"
STP_XI_XJ_XN,0x10d111cc,SCALAR,1,220,0.000000,"dtype:B64,XI:X1=0x11551800,XJ:X1=0x11551800,XN:X11=0x107f40,IMM:0,"
STP_XI_XJ_XN,0x10d1110c,SCALAR,1,215,0.000000,"dtype:B16,XI:X7=0x40,XJ:X6=0x40,XN:X13=0x107f60,IMM:0,"
ST_XD_XN_IMM,0x10d11130,SCALAR,1,211,0.000000,"dtype:B16,XD:X3=0x40,XN:X30=0x1080b0,IMM:0xeb4,"
STP_XI_XJ_XN,0x10d11148,SCALAR,1,209,0.000000,"dtype:B16,XI:X13=0x4,XJ:X16=0x4,XN:X3=0x107f66,IMM:0,"
STP_XI_XJ_XN,0x10d11184,SCALAR,1,202,0.000000,"dtype:B16,XI:X17=0x4,XJ:X12=0x40,XN:X15=0x107f6a,IMM:0,"
STP_XI_XJ_XN,0x10d11194,SCALAR,1,200,0.000000,"dtype:B16,XI:X3=0x40,XJ:X6=0x40,XN:X12=0x107f6e,IMM:0,"
STP_XI_XJ_XN,0x10d111b8,SCALAR,1,196,0.000000,"dtype:B32,XI:X12=0x10,XJ:X13=0x10,XN:X7=0x107f74,IMM:0,"
ST_XD_XN_IMM,0x10d111bc,SCALAR,1,196,0.000000,"dtype:B32,XD:X6=0x1000,XN:X30=0x1080b0,IMM:0xecc,"
LD_XD_XN_IMM,0x10d111d4,SCALAR,1,192,0.000000,"dtype:B8,XD:X2=0,XN:X30=0x1080b0,IMM:0xd84,"
LOAD_2D,0x10d119a0,MTE1,4,188,0.020000,"Src:L1,Dst:L0B,XD:X9=0,XN:X11=0x20,XM:X7=0x4040000,Dtype:B8,id:11"
STP_XI_XJ_XN,0x10d111c4,SCALAR,1,150,0.000000,"dtype:B64,XI:X4=0x1154f600,XJ:X4=0x1154f600,XN:X9=0x107f00,IMM:0,"
STP_XI_XJ_XN,0x10d111c8,SCALAR,1,150,0.000000,"dtype:B64,XI:X2=0x11551a00,XJ:X2=0x11551a00,XN:X10=0x107f20,IMM:0,"
LOAD_2D,0x10d11804,MTE1,4,136,0.020000,"Src:L1,Dst:L0A,XD:X9=0,XN:X11=0,XM:X6=0x4040000,Dtype:B8,id:7"
MMAD,0x10d11d68,CUBE,1,85,0.000000,"dtype:F16F32XD:0x0XN:0x0XM:0x0XT:0x4000000040040040id:1258"
ST_XD_XN_IMM,0x10d113ac,SCALAR,1,41,0.000000,"dtype:B64,XD:X1=0x107a68,XN:X30=0x1080b0,IMM:0xe28,"
STI_XN_IMM,0x10d113a8,SCALAR,1,41,0.000000,"dtype:B64,XN:X30=0x1080b0,IMM:0xe18,#POST:0,#IMM_TYPE:ONE,"
ST_XD_XN_IMM,0x10d11658,SCALAR,1,39,0.000000,"dtype:B8,XD:X6=0,XN:X1=0x107a08,IMM:0x2,"
STI_XN_IMM,0x10d11e78,SCALAR,1,38,0.000000,"dtype:B8,XN:X0=0x107a48,IMM:0x2,#POST:0,#IMM_TYPE:ALL_ONE,"
ST_XD_XN_IMM,0x10d11a04,SCALAR,1,38,0.000000,"dtype:B8,XD:X4=0x1,XN:X3=0x107a38,IMM:0x2,"
ST_XD_XN_IMM,0x10d116b8,SCALAR,1,38,0.000000,"dtype:B8,XD:X3=0x2,XN:X9=0x107a58,IMM:0x2,"
ST_XD_XN_IMM,0x10d11840,SCALAR,1,38,0.000000,"dtype:B8,XD:X4=0,XN:X3=0x107a18,IMM:0x2,"
ST_XD_XN_IMM,0x10d11d30,SCALAR,1,37,0.000000,"dtype:B8,XD:X10=0x1,XN:X30=0x1080b0,IMM:0xdee,"
ST_XD_XN_IMM,0x10d11298,SCALAR,1,37,0.000000,"dtype:B32,XD:X5=0xffff0100,XN:X8=0x107a28,IMM:0,"
ST_XD_XN_IMM,0x10d113d8,SCALAR,1,37,0.000000,"dtype:B8,XD:X2=0x7,XN:X30=0x1080b0,IMM:0xd84,"
ST_XD_XN_IMM,0x10d1129c,SCALAR,1,37,0.000000,"dtype:B32,XD:X9=0x20,XN:X10=0x107a2c,IMM:0,"
ST_XD_XN_IMM,0x10d112a0,SCALAR,1,37,0.000000,"dtype:B32,XD:X7=0x20,XN:X8=0x107a28,IMM:0x8,"
STI_XN_XM,0x10d11404,SCALAR,1,37,0.000000,"dtype:B8,XN:X1=0x107a08,XM:X2=0,#POST:0,#IMM_TYPE:ONE,"
ST_XD_XN_IMM,0x10d11e10,SCALAR,1,37,0.000000,"dtype:B8,XD:X5=0x5,XN:X2=0x107a68,IMM:0x3,"
ST_XD_XN_IMM,0x10d1145c,SCALAR,1,37,0.000000,"dtype:B8,XD:X3=0x1,XN:X30=0x1080b0,IMM:0xd8e,"
STI_XN_IMM,0x10d112a4,SCALAR,1,37,0.000000,"dtype:B32,XN:X8=0x107a28,IMM:0xc,#POST:0,#IMM_TYPE:ALL_ONE,"
STP_XI_XJ_XN,0x10d111c0,SCALAR,1,37,0.000000,"dtype:B64,XI:X5=0x1154d400,XJ:X5=0x1154d400,XN:X8=0x107ee0,IMM:0,"
ST_XD_XN_IMM,0x10d11df4,SCALAR,1,37,0.000000,"dtype:B8,XD:X0=0,XN:X30=0x1080b0,IMM:0xdd6,"
ST_XD_XN_IMM,0x10d11654,SCALAR,1,37,0.000000,"dtype:B64,XD:X0=0x1,XN:X10=0x107928,IMM:0,"
ST_XD_XN_IMM,0x10d113d4,SCALAR,1,37,0.000000,"dtype:B32,XD:X5=0x100,XN:X30=0x1080b0,IMM:0x950,"
ST_XD_XN_IMM,0x10d11e0c,SCALAR,1,37,0.000000,"dtype:B64,XD:X0=0x3f,XN:X1=0x107928,IMM:0x18,"
ST_XD_XN_IMM,0x10d11e74,SCALAR,1,37,0.000000,"dtype:B64,XD:X4=0,XN:X1=0x107928,IMM:0x40,"
ST_XD_XN_IMM,0x10d11d88,SCALAR,1,37,0.000000,"dtype:B64,XD:X3=0x1,XN:X9=0x107928,IMM:0x40,"
STI_XN_IMM,0x10d11e14,SCALAR,1,37,0.000000,"dtype:B8,XN:X2=0x107a68,IMM:0,#POST:0,#IMM_TYPE:ZERO,"
ST_XD_XN_IMM,0x10d11ddc,SCALAR,1,37,0.000000,"dtype:B64,XD:X0=0x1f,XN:X5=0x107928,IMM:0x18,"
ST_XD_XN_IMM,0x10d11dcc,SCALAR,1,37,0.000000,"dtype:B8,XD:X0=0,XN:X30=0x1080b0,IMM:0xda6,"
STI_XN_IMM,0x10d1120c,SCALAR,1,37,0.000000,"dtype:B64,XN:X30=0x1080b0,IMM:0xd88,#POST:0,#IMM_TYPE:ONE,"
ST_XD_XN_IMM,0x10d11268,SCALAR,1,37,0.000000,"dtype:B32,XD:X8=0x20,XN:X30=0x1080b0,IMM:0x944,"
STI_XN_IMM,0x10d11dbc,SCALAR,1,37,0.000000,"dtype:B8,XN:X0=0x107a18,IMM:0,#POST:0,#IMM_TYPE:ZERO,"
ST_XD_XN_IMM,0x10d11db8,SCALAR,1,37,0.000000,"dtype:B8,XD:X7=0x3,XN:X0=0x107a18,IMM:0x3,"
ST_XD_XN_IMM,0x10d11e30,SCALAR,1,37,0.000000,"dtype:B8,XD:X4=0,XN:X30=0x1080b0,IMM:0xe1e,"
ST_XD_XN_IMM,0x10d11e34,SCALAR,1,37,0.000000,"dtype:B8,XD:X2=0,XN:X30=0x1080b0,IMM:0xde9,"
ST_XD_XN_IMM,0x10d11340,SCALAR,1,37,0.000000,"dtype:B32,XD:X6=0x4000,XN:X30=0x1080b0,IMM:0x94c,"
ST_XD_XN_IMM,0x10d11d9c,SCALAR,1,37,0.000000,"dtype:B8,XD:X4=0,XN:X7=0x107a48,IMM:0x2,"
ST_XD_XN_IMM,0x10d1136c,SCALAR,1,37,0.000000,"dtype:B64,XD:X3=0x107a58,XN:X30=0x1080b0,IMM:0xe10,"
ST_XD_XN_IMM,0x10d11a84,SCALAR,1,37,0.000000,"dtype:B8,XD:X6=0,XN:X30=0x1080b0,IMM:0xe1f,"
ST_XD_XN_IMM,0x10d11b94,SCALAR,1,37,0.000000,"dtype:B8,XD:X4=0,XN:X30=0x1080b0,IMM:0xe06,"
ST_XD_XN_IMM,0x10d116d0,SCALAR,1,37,0.000000,"dtype:B8,XD:X2=0,XN:X30=0x1080b0,IMM:0xd89,"
ST_XD_XN_IMM,0x10d11484,SCALAR,1,37,0.000000,"dtype:B8,XD:X8=0,XN:X30=0x1080b0,IMM:0xdbf,"
ST_XD_XN_IMM,0x10d1173c,SCALAR,1,37,0.000000,"dtype:B8,XD:X6=0,XN:X30=0x1080b0,IMM:0xda7,"
ST_XD_XN_IMM,0x10d11b5c,SCALAR,1,37,0.000000,"dtype:B8,XD:X3=0x2,XN:X2=0x107a68,IMM:0x2,"
ST_XD_XN_IMM,0x10d11b48,SCALAR,1,37,0.000000,"dtype:B64,XD:X1=0x7,XN:X5=0x107928,IMM:0x10,"
ST_XD_XN_IMM,0x10d11b0c,SCALAR,1,37,0.000000,"dtype:B8,XD:X6=0x1,XN:X30=0x1080b0,IMM:0xe1e,"
ST_XD_XN_IMM,0x10d121ac,SCALAR,1,37,0.000000,"dtype:B64,XD:X0=0x3e,XN:X30=0x1080b0,IMM:0x890,"
ST_XD_XN_IMM,0x10d11820,SCALAR,1,37,0.000000,"dtype:B64,XD:X2=0x107a18,XN:X30=0x1080b0,IMM:0xda8,"
ST_XD_XN_IMM,0x10d1183c,SCALAR,1,37,0.000000,"dtype:B64,XD:X2=0x1,XN:X5=0x107928,IMM:0x10,"
ST_XD_XN_IMM,0x10d11878,SCALAR,1,37,0.000000,"dtype:B8,XD:X4=0,XN:X30=0x1080b0,IMM:0xd8e,"
ST_XD_XN_IMM,0x10d1187c,SCALAR,1,37,0.000000,"dtype:B8,XD:X2=0,XN:X30=0x1080b0,IMM:0xdb9,"
STI_XN_IMM,0x10d1170c,SCALAR,1,37,0.000000,"dtype:B8,XN:X0=0x107a08,IMM:0x2,#POST:0,#IMM_TYPE:ALL_ONE,"
ST_XD_XN_IMM,0x10d118b4,SCALAR,1,37,0.000000,"dtype:B64,XD:X4=0x4,XN:X1=0x107928,IMM:0,"
STI_XN_IMM,0x10d118b8,SCALAR,1,37,0.000000,"dtype:B8,XN:X0=0x107a28,IMM:0x2,#POST:0,#IMM_TYPE:ALL_ONE,"
ST_XD_XN_IMM,0x10d118e8,SCALAR,1,37,0.000000,"dtype:B8,XD:X6=0,XN:X30=0x1080b0,IMM:0xdd7,"
STI_XN_IMM,0x10d11a54,SCALAR,1,37,0.000000,"dtype:B8,XN:X0=0x107a58,IMM:0x2,#POST:0,#IMM_TYPE:ALL_ONE,"
ST_XD_XN_IMM,0x10d11a18,SCALAR,1,37,0.000000,"dtype:B8,XD:X1=0,XN:X30=0x1080b0,IMM:0xe01,"
ST_XD_XN_IMM,0x10d121f4,SCALAR,1,37,0.000000,"dtype:B64,XD:X16=0,XN:X17=0x108000,IMM:0xff0,"
ST_XD_XN_IMM,0x10d11a00,SCALAR,1,37,0.000000,"dtype:B64,XD:X1=0x3,XN:X0=0x107928,IMM:0x10,"
ST_XD_XN_IMM,0x10d119c8,SCALAR,1,37,0.000000,"dtype:B64,XD:X5=0x3,XN:X4=0x107928,IMM:0x8,"
ST_XD_XN_IMM,0x10d119cc,SCALAR,1,37,0.000000,"dtype:B8,XD:X6=0x1,XN:X0=0x107a28,IMM:0x3,"
STI_XN_IMM,0x10d119d0,SCALAR,1,37,0.000000,"dtype:B8,XN:X0=0x107a28,IMM:0,#POST:0,#IMM_TYPE:ZERO,"
ST_XD_XN_IMM,0x10d119dc,SCALAR,1,37,0.000000,"dtype:B64,XD:X1=0x107a38,XN:X30=0x1080b0,IMM:0xdd8,"
ST_XD_XN_IMM,0x10d119e8,SCALAR,1,37,0.000000,"dtype:B8,XD:X0=0,XN:X30=0x1080b0,IMM:0xdbe,"
ST_XD_XN_IMM,0x10d11640,SCALAR,1,37,0.000000,"dtype:B8,XD:X6=0x1,XN:X30=0x1080b0,IMM:0xd89,"
STI_XN_XM,0x10d11494,SCALAR,1,37,0.000000,"dtype:B8,XN:X3=0x107a28,XM:X4=0,#POST:0,#IMM_TYPE:ONE,"
ST_XD_XN_IMM,0x10d11cac,SCALAR,1,37,0.000000,"dtype:B8,XD:X10=0,XN:X30=0x1080b0,IMM:0xdef,"
ST_XD_XN_IMM,0x10d11514,SCALAR,1,37,0.000000,"dtype:B8,XD:X12=0,XN:X30=0x1080b0,IMM:0xe07,"
STI_XN_XM,0x10d11524,SCALAR,1,37,0.000000,"dtype:B8,XN:X9=0x107a58,XM:X11=0,#POST:0,#IMM_TYPE:ONE,"
STI_XN_IMM,0x10d11c7c,SCALAR,1,37,0.000000,"dtype:B8,XN:X2=0x107a68,IMM:0x2,#POST:0,#IMM_TYPE:ALL_ONE,"
ST_XD_XN_IMM,0x10d11c78,SCALAR,1,37,0.000000,"dtype:B64,XD:X8=0,XN:X6=0x107928,IMM:0x10,"
ST_XD_XN_IMM,0x10d1159c,SCALAR,1,37,0.000000,"dtype:B8,XD:X12=0x1,XN:X30=0x1080b0,IMM:0xe06,"
ST_XD_XN_IMM,0x10d11c3c,SCALAR,1,37,0.000000,"dtype:B8,XD:X5=0,XN:X30=0x1080b0,IMM:0xe19,"
STI_XN_IMM,0x10d11c28,SCALAR,1,37,0.000000,"dtype:B8,XN:X1=0x107a38,IMM:0x2,#POST:0,#IMM_TYPE:ALL_ONE,"
ST_XD_XN_IMM,0x10d11c24,SCALAR,1,37,0.000000,"dtype:B64,XD:X6=0x4,XN:X4=0x107928,IMM:0x10,"
ST_XD_XN_IMM,0x10d11be8,SCALAR,1,37,0.000000,"dtype:B8,XD:X2=0,XN:X30=0x1080b0,IMM:0xdd1,"
ST_XD_XN_IMM,0x10d11634,SCALAR,1,37,0.000000,"dtype:B64,XD:X0=0x107a08,XN:X30=0x1080b0,IMM:0xd90,"
ST_XD_XN_IMM,0x10d11b98,SCALAR,1,37,0.000000,"dtype:B8,XD:X2=0,XN:X30=0x1080b0,IMM:0xda1,"
STI_XN_IMM,0x10d11bd4,SCALAR,1,37,0.000000,"dtype:B8,XN:X0=0x107a18,IMM:0x2,#POST:0,#IMM_TYPE:ALL_ONE,"
ST_XD_XN_IMM,0x10d11bd0,SCALAR,1,37,0.000000,"dtype:B64,XD:X4=0x6,XN:X1=0x107928,IMM:0x10,"
ST_XD_XN_IMM,0x10d1169c,SCALAR,1,37,0.000000,"dtype:B64,XD:X7=0x107a58,XN:X30=0x1080b0,IMM:0xe08,"
ST_XD_XN_IMM,0x10d116b4,SCALAR,1,37,0.000000,"dtype:B64,XD:X0=0x7,XN:X2=0x107928,IMM:0,"
ST_XD_XN_IMM,0x10d11ef8,SCALAR,1,37,0.000000,"dtype:B8,XD:X0=0,XN:X30=0x1080b0,IMM:0xdee,"
STI_XN_IMM,0x10d11f04,SCALAR,1,37,0.000000,"dtype:B8,XN:X30=0x1080b0,IMM:0xd85,#POST:0,#IMM_TYPE:ONE,"
LD_XD_XN_IMM,0x10d11f24,SCALAR,7,35,0.020000,"dtype:B8,XD:X3=0,XN:X30=0x1080b0,IMM:0xd84,"
LD_XD_XN_IMM,0x10d11f40,SCALAR,7,35,0.020000,"dtype:B8,XD:X2=0,XN:X1=0x107a0b,IMM:0,"
LD_XD_XN_IMM,0x10d11f4c,SCALAR,7,35,0.020000,"dtype:B8,XD:X3=0,XN:X1=0x107a0b,IMM:0xffe,"
ST_XD_XN_IMM,0x10d113b0,SCALAR,1,34,0.000000,"dtype:B32,XD:X4=0xffff0300,XN:X1=0x107a68,IMM:0,"
ST_XD_XN_IMM,0x10d1182c,SCALAR,1,32,0.000000,"dtype:B8,XD:X4=0x1,XN:X30=0x1080b0,IMM:0xda1,"
ST_XD_XN_IMM,0x10d113f4,SCALAR,1,32,0.000000,"dtype:B8,XD:X4=0,XN:X30=0x1080b0,IMM:0xd8f,"
ST_XD_XN_IMM,0x10d116a4,SCALAR,1,32,0.000000,"dtype:B8,XD:X0=0x1,XN:X30=0x1080b0,IMM:0xe01,"
ST_XD_XN_IMM,0x10d119f0,SCALAR,1,31,0.000000,"dtype:B8,XD:X4=0x1,XN:X30=0x1080b0,IMM:0xdd1,"
MOV_L1_TO_BT,0x10d11b28,MTE1,1,31,0.000000,"Src:L1,Dst:BT,XD:X6=0,XN:X1=0x40,XM:X3=0x20018,id:15"
ST_XD_XN_IMM,0x10d121c0,SCALAR,1,30,0.000000,"dtype:B64,XD:X0=0x3c,XN:X30=0x1080b0,IMM:0x890,"
ST_XD_XN_IMM,0x10d112d0,SCALAR,1,30,0.000000,"dtype:B32,XD:X4=0xffff0300,XN:X9=0x107a38,IMM:0,"
ST_XD_XN_IMM,0x10d11b30,SCALAR,1,30,0.000000,"dtype:B64,XD:X4=0x107a68,XN:X30=0x1080b0,IMM:0xe20,"
ST_XD_XN_IMM,0x10d112d4,SCALAR,1,29,0.000000,"dtype:B32,XD:X10=0,XN:X11=0x107a3c,IMM:0,"
BAR,0x10d121d0,ALL,1,28,0.000000,"PIPE:ALL"
DCCI,0x10d12254,FLOWCTRL,1,27,0.000000,"XN:X15=0,"
STI_XN_IMM,0x10d113bc,SCALAR,1,25,0.000000,"dtype:B32,XN:X1=0x107a68,IMM:0xc,#POST:0,#IMM_TYPE:ALL_ONE,"
ST_XD_XN_IMM,0x10d113b8,SCALAR,1,25,0.000000,"dtype:B32,XD:X6=0x100,XN:X1=0x107a68,IMM:0x8,"
ST_XD_XN_IMM,0x10d113b4,SCALAR,1,25,0.000000,"dtype:B32,XD:X5=0,XN:X3=0x107a6c,IMM:0,"
ST_XD_XN_IMM,0x10d11b38,SCALAR,1,25,0.000000,"dtype:B8,XD:X1=0x1,XN:X30=0x1080b0,IMM:0xe19,"
ST_XD_XN_IMM,0x10d11d70,SCALAR,1,24,0.000000,"dtype:B64,XD:X6=0x107a48,XN:X30=0x1080b0,IMM:0xdf0,"
ST_XD_XN_IMM,0x10d11858,SCALAR,1,23,0.000000,"dtype:B8,XD:X5=0,XN:X0=0x107a08,IMM:0x3,"
STI_XN_IMM,0x10d1185c,SCALAR,1,23,0.000000,"dtype:B8,XN:X0=0x107a08,IMM:0,#POST:0,#IMM_TYPE:ZERO,"
ST_XD_XN_IMM,0x10d11854,SCALAR,1,22,0.000000,"dtype:B64,XD:X3=0x1,XN:X2=0x107928,IMM:0x8,"
ST_XD_XN_IMM,0x10d11b78,SCALAR,1,21,0.000000,"dtype:B8,XD:X5=0x2,XN:X0=0x107a58,IMM:0x3,"
ST_XD_XN_IMM,0x10d11214,SCALAR,1,21,0.000000,"dtype:B32,XD:X5=0xffff0100,XN:X4=0x107a08,IMM:0,"
ST_XD_XN_IMM,0x10d11218,SCALAR,1,21,0.000000,"dtype:B32,XD:X9=0,XN:X10=0x107a0c,IMM:0,"
ST_XD_XN_IMM,0x10d1121c,SCALAR,1,21,0.000000,"dtype:B32,XD:X8=0x20,XN:X4=0x107a08,IMM:0x8,"
STI_XN_IMM,0x10d11220,SCALAR,1,21,0.000000,"dtype:B32,XN:X4=0x107a08,IMM:0xc,#POST:0,#IMM_TYPE:ALL_ONE,"
STI_XN_IMM,0x10d11b7c,SCALAR,1,21,0.000000,"dtype:B8,XN:X0=0x107a58,IMM:0,#POST:0,#IMM_TYPE:ZERO,"
ST_XD_XN_IMM,0x10d11de0,SCALAR,1,20,0.000000,"dtype:B8,XD:X6=0x4,XN:X1=0x107a38,IMM:0x3,"
STI_XN_IMM,0x10d11de4,SCALAR,1,20,0.000000,"dtype:B8,XN:X1=0x107a38,IMM:0,#POST:0,#IMM_TYPE:ZERO,"
ST_XD_XN_IMM,0x10d11690,SCALAR,1,19,0.000000,"dtype:B8,XD:X5=0x1,XN:X3=0x107a28,IMM:0x2,"
ST_XD_XN_IMM,0x10d11d78,SCALAR,1,19,0.000000,"dtype:B8,XD:X3=0x1,XN:X30=0x1080b0,IMM:0xde9,"
ST_XD_XN_IMM,0x10d11b74,SCALAR,1,18,0.000000,"dtype:B64,XD:X4=0x7,XN:X2=0x107928,IMM:0x8,"
SET_FLAG,0x10d11dfc,CUBE,1,18,0.000000,"PIPE:CUBE,TRIGGERPIPE:FIXP,FLAGID:0,"
ST_XD_XN_IMM,0x10d11db4,SCALAR,1,18,0.000000,"dtype:B64,XD:X6=0xf,XN:X5=0x107928,IMM:0x18,"
ST_XD_XN_IMM,0x10d1168c,SCALAR,1,17,0.000000,"dtype:B64,XD:X0=0x3,XN:X2=0x107928,IMM:0,"
STI_XN_XM,0x10d11cbc,SCALAR,1,17,0.000000,"dtype:B8,XN:X7=0x107a48,XM:X8=0,#POST:0,#IMM_TYPE:ONE,"
STI_XN_XM,0x10d118f8,SCALAR,1,17,0.000000,"dtype:B8,XN:X3=0x107a38,XM:X4=0,#POST:0,#IMM_TYPE:ONE,"
ST_XD_XN_IMM,0x10d11674,SCALAR,1,16,0.000000,"dtype:B64,XD:X5=0x107a28,XN:X30=0x1080b0,IMM:0xdc0,"
ST_XD_XN_IMM,0x10d11edc,SCALAR,1,15,0.000000,"dtype:B8,XD:X3=0,XN:X0=0x107a48,IMM:0x3,"
STI_XN_XM,0x10d11a94,SCALAR,1,15,0.000000,"dtype:B8,XN:X2=0x107a68,XM:X3=0,#POST:0,#IMM_TYPE:ONE,"
STI_XN_XM,0x10d1174c,SCALAR,1,15,0.000000,"dtype:B8,XN:X3=0x107a18,XM:X4=0,#POST:0,#IMM_TYPE:ONE,"
STI_XN_IMM,0x10d11ee0,SCALAR,1,15,0.000000,"dtype:B8,XN:X0=0x107a48,IMM:0,#POST:0,#IMM_TYPE:ZERO,"
ST_XD_XN_IMM,0x10d112e4,SCALAR,1,14,0.000000,"dtype:B32,XD:X7=0x20,XN:X30=0x1080b0,IMM:0x948,"
ST_XD_XN_IMM,0x10d11ed4,SCALAR,1,14,0.000000,"dtype:B64,XD:X2=0x1,XN:X1=0x107928,IMM:0x48,"
ST_XD_XN_IMM,0x10d11254,SCALAR,1,13,0.000000,"dtype:B32,XD:X4=0xffff0300,XN:X10=0x107a18,IMM:0,"
ST_XD_XN_IMM,0x10d11258,SCALAR,1,13,0.000000,"dtype:B32,XD:X11=0,XN:X12=0x107a1c,IMM:0,"
STI_XN_IMM,0x10d11264,SCALAR,1,13,0.000000,"dtype:B32,XN:X10=0x107a18,IMM:0xc,#POST:0,#IMM_TYPE:ALL_ONE,"
ST_XD_XN_IMM,0x10d1125c,SCALAR,1,13,0.000000,"dtype:B32,XD:X8=0x20,XN:X10=0x107a18,IMM:0x8,"
MADD,0x10d117e4,SCALAR,4,12,0.000000,"dtype:S64,XD:X9=0,XN:X5=0x80,XM:X8=0,"
ST_XD_XN_IMM,0x10d1167c,SCALAR,1,12,0.000000,"dtype:B8,XD:X0=0x1,XN:X30=0x1080b0,IMM:0xdb9,"
MADD,0x10d11980,SCALAR,4,12,0.000000,"dtype:S64,XD:X9=0,XN:X4=0x80,XM:X8=0,"
ST_XD_XN_IMM,0x10d114ec,SCALAR,1,10,0.000000,"dtype:B8,XD:X7=0x1,XN:X30=0x1080b0,IMM:0xdbe,"
ST_XD_XN_IMM,0x10d11950,SCALAR,1,10,0.000000,"dtype:B8,XD:X4=0x1,XN:X30=0x1080b0,IMM:0xdd6,"
ST_XD_XN_IMM,0x10d117a4,SCALAR,1,10,0.000000,"dtype:B8,XD:X4=0x1,XN:X30=0x1080b0,IMM:0xda6,"
MOV_SPR_XN,0x10d1105c,MTE2,2,8,0.000000,"SPR:PADDING,XN:X0=0,id:2"
ADD_IMM,0x10d11f34,SCALAR,7,7,0.000000,"dtype:S64,XD:X1=0x107a1b,XN:X1=0x107a0b,IMM:0x10,"
ST_XD_XN_IMM,0x10d11708,SCALAR,1,7,0.000000,"dtype:B64,XD:X4=0x6,XN:X1=0x107928,IMM:0,"
LD_XD_XN_IMM,0x10d11710,SCALAR,1,7,0.000000,"dtype:B32,XD:X1=0,XN:X0=0x107a08,IMM:0x4,"
LD_XD_XN_IMM,0x10d11714,SCALAR,1,7,0.000000,"dtype:B64,XD:X3=0,XN:X30=0x1080b0,IMM:0xdb0,"
ADD_IMM,0x10d11f28,SCALAR,7,7,0.000000,"dtype:S64,XD:X0=0x1,XN:X0=0,IMM:0x1,"
LD_XD_XN_IMM,0x10d11718,SCALAR,1,7,0.000000,"dtype:B8,XD:X2=0,XN:X30=0x1080b0,IMM:0xda0,"
LD_XD_XN_IMM,0x10d11a58,SCALAR,1,7,0.000000,"dtype:B32,XD:X1=0,XN:X0=0x107a58,IMM:0x4,"
LD_XD_XN_IMM,0x10d1171c,SCALAR,1,7,0.000000,"dtype:B8,XD:X6=0,XN:X30=0x1080b0,IMM:0xda7,"
ZEROEXT,0x10d11f2c,SCALAR,7,7,0.000000,"dtype:U8,XD:X2=0x1,XN:X0=0x1,"
LD_XD_XN_IMM,0x10d11a5c,SCALAR,1,7,0.000000,"dtype:B64,XD:X2=0,XN:X30=0x1080b0,IMM:0xe28,"
LD_XD_XN_IMM,0x10d11a60,SCALAR,1,7,0.000000,"dtype:B8,XD:X4=0,XN:X30=0x1080b0,IMM:0xe18,"
LD_XD_XN_IMM,0x10d116a8,SCALAR,1,7,0.000000,"dtype:B64,XD:X0=0,XN:X2=0x107928,IMM:0,"
CMP_IMM,0x10d11f50,SCALAR,7,7,0.000000,"dtype:S64,XN:X3=0x1,IMM:0x15,cond_op:GT,"
ST_XD_XN_IMM,0x10d11a50,SCALAR,1,7,0.000000,"dtype:B64,XD:X4=0,XN:X2=0x107928,IMM:0,"
ZEROEXT,0x10d11f30,SCALAR,7,7,0.000000,"dtype:U8,XD:X4=0x7,XN:X3=0x7,"
CMP_IMM,0x10d11f44,SCALAR,7,7,0.000000,"dtype:S64,XN:X2=0,IMM:0xff,cond_op:EQ,"
LD_XD_XN_IMM,0x10d117b8,SCALAR,1,7,0.000000,"dtype:B32,XD:X4=0,XN:X3=0x107a18,IMM:0x4,"
LD_XD_XN_IMM,0x10d11a64,SCALAR,1,7,0.000000,"dtype:B8,XD:X6=0,XN:X30=0x1080b0,IMM:0xe1f,"
LD_XD_XN_IMM,0x10d11698,SCALAR,1,6,0.000000,"dtype:B64,XD:X2=0,XN:X1=0x100000,IMM:0,"
LD_XD_XN_IMM,0x10d11694,SCALAR,1,6,0.000000,"dtype:B8,XD:X0=0,XN:X30=0x1080b0,IMM:0xe01,"
LD_XD_XN_IMM,0x10d11da0,SCALAR,1,6,0.000000,"dtype:B64,XD:X5=0,XN:X3=0x100000,IMM:0,"
LD_XD_XN_IMM,0x10d11e64,SCALAR,1,6,0.000000,"dtype:B64,XD:X4=0,XN:X1=0x107928,IMM:0x40,"
LD_XD_XN_IMM,0x10d11b68,SCALAR,1,6,0.000000,"dtype:B64,XD:X4=0,XN:X2=0x107928,IMM:0x8,"
LD_XD_XN_IMM,0x10d116d4,SCALAR,1,5,0.000000,"dtype:B8,XD:X2=0,XN:X0=0x107a08,IMM:0x2,"
LD_XD_XN_IMM,0x10d11b84,SCALAR,1,5,0.000000,"dtype:B8,XD:X2=0,XN:X30=0x1080b0,IMM:0xda1,"
LD_XD_XN_IMM,0x10d11b8c,SCALAR,1,5,0.000000,"dtype:B64,XD:X0=0,XN:X30=0x1080b0,IMM:0xda8,"
LD_XD_XN_IMM,0x10d116ec,SCALAR,1,5,0.000000,"dtype:B64,XD:X1=0,XN:X1=0x100000,IMM:0,"
LD_XD_XN_IMM,0x10d116f0,SCALAR,1,5,0.000000,"dtype:B8,XD:X3=0,XN:X0=0x107a08,IMM:0x2,"
LD_XD_XN_IMM,0x10d116c0,SCALAR,1,5,0.000000,"dtype:B64,XD:X0=0,XN:X30=0x1080b0,IMM:0xd90,"
LD_XD_XN_IMM,0x10d116bc,SCALAR,1,5,0.000000,"dtype:B8,XD:X2=0,XN:X30=0x1080b0,IMM:0xd89,"
LD_XD_XN_IMM,0x10d121a0,SCALAR,1,5,0.000000,"dtype:B64,XD:X0=0,XN:X30=0x1080b0,IMM:0x890,"
LD_XD_XN_IMM,0x10d11630,SCALAR,1,5,0.000000,"dtype:B8,XD:X6=0,XN:X30=0x1080b0,IMM:0xd89,"
LD_XD_XN_IMM,0x10d11c38,SCALAR,1,5,0.000000,"dtype:B32,XD:X4=0,XN:X1=0x107a38,IMM:0x4,"
LD_XD_XN_IMM,0x10d11c30,SCALAR,1,5,0.000000,"dtype:B64,XD:X2=0,XN:X30=0x1080b0,IMM:0xe20,"
LD_XD_XN_IMM,0x10d115d0,SCALAR,1,5,0.000000,"dtype:B32,XD:X15=0,XN:X9=0x107a58,IMM:0x4,"
LD_XD_XN_IMM,0x10d115d8,SCALAR,1,5,0.000000,"dtype:B16,XD:X6=0,XN:X30=0x1080b0,IMM:0xeba,"
LD_XD_XN_IMM,0x10d115dc,SCALAR,1,5,0.000000,"dtype:B16,XD:X11=0,XN:X30=0x1080b0,IMM:0xeb4,"
LD_XD_XN_IMM,0x10d115e0,SCALAR,1,5,0.000000,"dtype:B64,XD:X12=0,XN:X30=0x1080b0,IMM:0xe50,"
LD_XD_XN_IMM,0x10d11c2c,SCALAR,1,5,0.000000,"dtype:B8,XD:X4=0,XN:X30=0x1080b0,IMM:0xe19,"
LD_XD_XN_IMM,0x10d11ec8,SCALAR,1,5,0.000000,"dtype:B64,XD:X2=0,XN:X1=0x107928,IMM:0x48,"
LD_XD_XN_IMM,0x10d11c18,SCALAR,1,5,0.000000,"dtype:B64,XD:X6=0,XN:X4=0x107928,IMM:0x10,"
LD_XD_XN_IMM,0x10d11c0c,SCALAR,1,5,0.000000,"dtype:B64,XD:X4=0,XN:X4=0x100000,IMM:0,"
LD_XD_XN_IMM,0x10d11c08,SCALAR,1,5,0.000000,"dtype:B8,XD:X5=0,XN:X1=0x107a38,IMM:0x2,"
LD_XD_XN_IMM,0x10d11618,SCALAR,1,5,0.000000,"dtype:B64,XD:X6=0,XN:X30=0x1080b0,IMM:0xe90,"
LD_XD_XN_IMM,0x10d11bec,SCALAR,1,5,0.000000,"dtype:B8,XD:X2=0,XN:X1=0x107a38,IMM:0x2,"
LD_XD_XN_IMM,0x10d11b9c,SCALAR,1,5,0.000000,"dtype:B8,XD:X2=0,XN:X0=0x107a18,IMM:0x2,"
LD_XD_XN_IMM,0x10d11be0,SCALAR,1,5,0.000000,"dtype:B32,XD:X3=0,XN:X0=0x107a18,IMM:0x4,"
LD_XD_XN_IMM,0x10d11644,SCALAR,1,5,0.000000,"dtype:B64,XD:X0=0,XN:X10=0x107928,IMM:0,"
LD_XD_XN_IMM,0x10d11bdc,SCALAR,1,5,0.000000,"dtype:B64,XD:X1=0,XN:X30=0x1080b0,IMM:0xdd8,"
LD_XD_XN_IMM,0x10d11bd8,SCALAR,1,5,0.000000,"dtype:B8,XD:X2=0,XN:X30=0x1080b0,IMM:0xdd1,"
LD_XD_XN_IMM,0x10d11ee8,SCALAR,1,5,0.000000,"dtype:B8,XD:X0=0,XN:X30=0x1080b0,IMM:0xdee,"
LD_XD_XN_IMM,0x10d11eec,SCALAR,1,5,0.000000,"dtype:B8,XD:X1=0,XN:X30=0x1080b0,IMM:0xd85,"
LD_XD_XN_IMM,0x10d11bc0,SCALAR,1,5,0.000000,"dtype:B64,XD:X4=0,XN:X1=0x107928,IMM:0x10,"
LD_XD_XN_IMM,0x10d1166c,SCALAR,1,5,0.000000,"dtype:B8,XD:X0=0,XN:X30=0x1080b0,IMM:0xdb9,"
LD_XD_XN_IMM,0x10d11670,SCALAR,1,5,0.000000,"dtype:B64,XD:X2=0,XN:X1=0x100000,IMM:0,"
LD_XD_XN_IMM,0x10d11680,SCALAR,1,5,0.000000,"dtype:B64,XD:X0=0,XN:X2=0x107928,IMM:0,"
LD_XD_XN_IMM,0x10d11bb8,SCALAR,1,5,0.000000,"dtype:B8,XD:X3=0,XN:X0=0x107a18,IMM:0x2,"
LD_XD_XN_IMM,0x10d11bb4,SCALAR,1,5,0.000000,"dtype:B64,XD:X1=0,XN:X1=0x100000,IMM:0,"
LD_XD_XN_IMM,0x10d11f00,SCALAR,1,5,0.000000,"dtype:B8,XD:X3=0,XN:X30=0x1080b0,IMM:0xd84,"
LD_XD_XN_IMM,0x10d11958,SCALAR,1,5,0.000000,"dtype:B16,XD:X4=0,XN:X30=0x1080b0,IMM:0xeb8,"
LD_XD_XN_IMM,0x10d11898,SCALAR,1,5,0.000000,"dtype:B64,XD:X1=0,XN:X1=0x100000,IMM:0,"
LD_XD_XN_IMM,0x10d1189c,SCALAR,1,5,0.000000,"dtype:B8,XD:X3=0,XN:X0=0x107a28,IMM:0x2,"
LD_XD_XN_IMM,0x10d118a4,SCALAR,1,5,0.000000,"dtype:B64,XD:X4=0,XN:X1=0x107928,IMM:0,"
LD_XD_XN_IMM,0x10d118bc,SCALAR,1,5,0.000000,"dtype:B32,XD:X2=0,XN:X0=0x107a28,IMM:0x4,"
LD_XD_XN_IMM,0x10d118c0,SCALAR,1,5,0.000000,"dtype:B64,XD:X3=0,XN:X30=0x1080b0,IMM:0xde0,"
LD_XD_XN_IMM,0x10d118c4,SCALAR,1,5,0.000000,"dtype:B8,XD:X1=0,XN:X30=0x1080b0,IMM:0xdd0,"
LD_XD_XN_IMM,0x10d118c8,SCALAR,1,5,0.000000,"dtype:B8,XD:X6=0,XN:X30=0x1080b0,IMM:0xdd7,"
LD_XD_XN,0x10d118ec,SCALAR,1,5,0.000000,"dtype:B8,XD:X7=0,XN:X3=0x107a38,XM:X4=0,#POST:0,"
LD_XD_XN_IMM,0x10d118fc,SCALAR,1,5,0.000000,"dtype:B8,XD:X5=0,XN:X1=0x107a38,IMM:0x3,"
LD_XD_XN_IMM,0x10d1193c,SCALAR,1,5,0.000000,"dtype:B8,XD:X6=0,XN:X30=0x1080b0,IMM:0xdd6,"
LD_XD_XN_IMM,0x10d11940,SCALAR,1,5,0.000000,"dtype:B16,XD:X5=0,XN:X30=0x1080b0,IMM:0xeba,"
LD_XD_XN_IMM,0x10d11a40,SCALAR,1,5,0.000000,"dtype:B64,XD:X4=0,XN:X2=0x107928,IMM:0,"
LD_XD_XN_IMM,0x10d11a38,SCALAR,1,5,0.000000,"dtype:B8,XD:X3=0,XN:X0=0x107a58,IMM:0x2,"
LD_XD_XN,0x10d11a88,SCALAR,1,5,0.000000,"dtype:B8,XD:X7=0,XN:X2=0x107a68,XM:X3=0,#POST:0,"
LD_XD_XN_IMM,0x10d1195c,SCALAR,1,5,0.000000,"dtype:B32,XD:X6=0,XN:X3=0x107a38,IMM:0x4,"
LD_XD_XN_IMM,0x10d11a34,SCALAR,1,5,0.000000,"dtype:B64,XD:X2=0,XN:X2=0x100000,IMM:0,"
LD_XD_XN_IMM,0x10d11a1c,SCALAR,1,5,0.000000,"dtype:B8,XD:X1=0,XN:X0=0x107a58,IMM:0x2,"
LD_XD_XN_IMM,0x10d11a0c,SCALAR,1,5,0.000000,"dtype:B64,XD:X0=0,XN:X30=0x1080b0,IMM:0xe08,"
LD_XD_XN_IMM,0x10d11a08,SCALAR,1,5,0.000000,"dtype:B8,XD:X1=0,XN:X30=0x1080b0,IMM:0xe01,"
LD_XD_XN_IMM,0x10d121f8,SCALAR,1,5,0.000000,"dtype:B64,XD:X16=0,XN:X17=0x108000,IMM:0xfe0,"
LD_XD_XN_IMM,0x10d119b8,SCALAR,1,5,0.000000,"dtype:B64,XD:X4=0,XN:X2=0x100000,IMM:0,"
LD_XD_XN_IMM,0x10d119bc,SCALAR,1,5,0.000000,"dtype:B64,XD:X5=0,XN:X4=0x107928,IMM:0x8,"
LD_XD_XN_IMM,0x10d119f4,SCALAR,1,5,0.000000,"dtype:B64,XD:X1=0,XN:X0=0x107928,IMM:0x10,"
LD_XD_XN_IMM,0x10d119d4,SCALAR,1,5,0.000000,"dtype:B8,XD:X0=0,XN:X30=0x1080b0,IMM:0xdbe,"
LD_XD_XN_IMM,0x10d119d8,SCALAR,1,5,0.000000,"dtype:B8,XD:X4=0,XN:X30=0x1080b0,IMM:0xdd1,"
LD_XD_XN_IMM,0x10d119ec,SCALAR,1,5,0.000000,"dtype:B64,XD:X0=0,XN:X2=0x100000,IMM:0,"
LD_XD_XN_IMM,0x10d121b0,SCALAR,1,5,0.000000,"dtype:B64,XD:X0=0,XN:X30=0x1080b0,IMM:0x890,"
LD_XD_XN_IMM,0x10d11b80,SCALAR,1,5,0.000000,"dtype:B8,XD:X0=0,XN:X30=0x1080b0,IMM:0xe06,"
LD_XD_XN_IMM,0x10d11b60,SCALAR,1,5,0.000000,"dtype:B64,XD:X2=0,XN:X1=0x100000,IMM:0,"
LD_XD_XN,0x10d11740,SCALAR,1,5,0.000000,"dtype:B8,XD:X7=0,XN:X3=0x107a18,XM:X4=0,#POST:0,"
LD_XD_XN_IMM,0x10d11750,SCALAR,1,5,0.000000,"dtype:B8,XD:X5=0,XN:X2=0x107a18,IMM:0x3,"
LD_XD_XN_IMM,0x10d11790,SCALAR,1,5,0.000000,"dtype:B8,XD:X6=0,XN:X30=0x1080b0,IMM:0xda6,"
LD_XD_XN_IMM,0x10d11794,SCALAR,1,5,0.000000,"dtype:B16,XD:X5=0,XN:X30=0x1080b0,IMM:0xeb0,"
LD_XD_XN_IMM,0x10d11b3c,SCALAR,1,5,0.000000,"dtype:B64,XD:X1=0,XN:X5=0x107928,IMM:0x10,"
LD_XD_XN_IMM,0x10d117b0,SCALAR,1,5,0.000000,"dtype:B16,XD:X5=0,XN:X30=0x1080b0,IMM:0xeba,"
LD_XD_XN_IMM,0x10d117b4,SCALAR,1,5,0.000000,"dtype:B16,XD:X6=0,XN:X30=0x1080b0,IMM:0xeb6,"
LD_XD_XN_IMM,0x10d11b2c,SCALAR,1,5,0.000000,"dtype:B8,XD:X1=0,XN:X30=0x1080b0,IMM:0xe19,"
LD_XD_XN_IMM,0x10d11dec,SCALAR,1,5,0.000000,"dtype:B64,XD:X1=0,XN:X3=0x100000,IMM:0,"
LD_XD_XN_IMM,0x10d11b10,SCALAR,1,5,0.000000,"dtype:B32,XD:X6=0,XN:X2=0x107a68,IMM:0x4,"
LD_XD_XN_IMM,0x10d11818,SCALAR,1,5,0.000000,"dtype:B8,XD:X4=0,XN:X30=0x1080b0,IMM:0xda1,"
LD_XD_XN_IMM,0x10d116f8,SCALAR,1,5,0.000000,"dtype:B64,XD:X4=0,XN:X1=0x107928,IMM:0,"
LD_XD_XN_IMM,0x10d11824,SCALAR,1,5,0.000000,"dtype:B64,XD:X5=0,XN:X1=0x100000,IMM:0,"
LD_XD_XN_IMM,0x10d11b00,SCALAR,1,5,0.000000,"dtype:B16,XD:X3=0,XN:X30=0x1080b0,IMM:0xeb4,"
LD_XD_XN_IMM,0x10d11830,SCALAR,1,5,0.000000,"dtype:B64,XD:X2=0,XN:X5=0x107928,IMM:0x10,"
LD_XD_XN_IMM,0x10d11af4,SCALAR,1,5,0.000000,"dtype:B8,XD:X6=0,XN:X30=0x1080b0,IMM:0xe1e,"
LD_XD_XN_IMM,0x10d11844,SCALAR,1,5,0.000000,"dtype:B64,XD:X2=0,XN:X1=0x100000,IMM:0,"
LD_XD_XN_IMM,0x10d11848,SCALAR,1,5,0.000000,"dtype:B64,XD:X3=0,XN:X2=0x107928,IMM:0x8,"
LD_XD_XN_IMM,0x10d11af0,SCALAR,1,5,0.000000,"dtype:B64,XD:X5=0,XN:X5=0x100000,IMM:0,"
LD_XD_XN_IMM,0x10d11860,SCALAR,1,5,0.000000,"dtype:B8,XD:X0=0,XN:X30=0x1080b0,IMM:0xd8e,"
LD_XD_XN_IMM,0x10d11864,SCALAR,1,5,0.000000,"dtype:B8,XD:X2=0,XN:X30=0x1080b0,IMM:0xdb9,"
LD_XD_XN_IMM,0x10d11870,SCALAR,1,5,0.000000,"dtype:B64,XD:X0=0,XN:X30=0x1080b0,IMM:0xdc0,"
LD_XD_XN_IMM,0x10d11880,SCALAR,1,5,0.000000,"dtype:B8,XD:X2=0,XN:X0=0x107a28,IMM:0x2,"
LD_XD_XN_IMM,0x10d11a98,SCALAR,1,5,0.000000,"dtype:B8,XD:X5=0,XN:X4=0x107a68,IMM:0x3,"
LD_XD_XN_IMM,0x10d114e0,SCALAR,1,5,0.000000,"dtype:B64,XD:X9=0,XN:X30=0x1080b0,IMM:0xe10,"
LD_XD_XN_IMM,0x10d11234,SCALAR,1,5,0.000000,"dtype:B32,XD:X11=0,XN:X30=0x1080b0,IMM:0x944,"
LD_XD_XN_IMM,0x10d11d1c,SCALAR,1,5,0.000000,"dtype:B8,XD:X10=0,XN:X30=0x1080b0,IMM:0xdee,"
LD_XD_XN_IMM,0x10d11d18,SCALAR,1,5,0.000000,"dtype:B64,XD:X9=0,XN:X9=0x100000,IMM:0,"
LD_XD_XN_IMM,0x10d11e38,SCALAR,1,5,0.000000,"dtype:B8,XD:X2=0,XN:X0=0x107a48,IMM:0x2,"
LD_XD_XN,0x10d11488,SCALAR,1,5,0.000000,"dtype:B8,XD:X9=0,XN:X3=0x107a28,XM:X4=0,#POST:0,"
LD_XD_XN_IMM,0x10d11da8,SCALAR,1,5,0.000000,"dtype:B64,XD:X6=0,XN:X5=0x107928,IMM:0x18,"
LD_XD_XN_IMM,0x10d11498,SCALAR,1,5,0.000000,"dtype:B8,XD:X7=0,XN:X5=0x107a28,IMM:0x3,"
LD_XD_XN_IMM,0x10d11cc0,SCALAR,1,5,0.000000,"dtype:B8,XD:X9=0,XN:X6=0x107a48,IMM:0x3,"
LD_XD_XN_IMM,0x10d114d8,SCALAR,1,5,0.000000,"dtype:B8,XD:X7=0,XN:X30=0x1080b0,IMM:0xdbe,"
LD_XD_XN_IMM,0x10d11310,SCALAR,1,5,0.000000,"dtype:B32,XD:X9=0,XN:X30=0x1080b0,IMM:0x94c,"
LD_XD_XN_IMM,0x10d11d24,SCALAR,1,5,0.000000,"dtype:B16,XD:X11=0,XN:X30=0x1080b0,IMM:0xeb4,"
LD_XD_XN,0x10d11cb0,SCALAR,1,5,0.000000,"dtype:B8,XD:X11=0,XN:X7=0x107a48,XM:X8=0,#POST:0,"
LD_XD_XN_IMM,0x10d114e8,SCALAR,1,5,0.000000,"dtype:B8,XD:X12=0,XN:X30=0x1080b0,IMM:0xe07,"
LD_XD_XN_IMM,0x10d11e28,SCALAR,1,5,0.000000,"dtype:B64,XD:X0=0,XN:X30=0x1080b0,IMM:0xdf0,"
LD_XD_XN_IMM,0x10d114f0,SCALAR,1,5,0.000000,"dtype:B32,XD:X8=0,XN:X8=0x107a28,IMM:0x4,"
LD_XD_XN_IMM,0x10d114f4,SCALAR,1,5,0.000000,"dtype:B8,XD:X7=0,XN:X30=0x1080b0,IMM:0xe00,"
LD_XD_XN_IMM,0x10d11dc0,SCALAR,1,5,0.000000,"dtype:B8,XD:X0=0,XN:X30=0x1080b0,IMM:0xda6,"
LD_XD_XN_IMM,0x10d11dc4,SCALAR,1,5,0.000000,"dtype:B64,XD:X5=0,XN:X3=0x100000,IMM:0,"
LD_XD_XN_IMM,0x10d11dd0,SCALAR,1,5,0.000000,"dtype:B64,XD:X0=0,XN:X5=0x107928,IMM:0x18,"
LD_XD_XN,0x10d11518,SCALAR,1,5,0.000000,"dtype:B8,XD:X13=0,XN:X9=0x107a58,XM:X11=0,#POST:0,"
LD_XD_XN_IMM,0x10d11c8c,SCALAR,1,5,0.000000,"dtype:B8,XD:X10=0,XN:X30=0x1080b0,IMM:0xdef,"
LD_XD_XN_IMM,0x10d11e90,SCALAR,1,5,0.000000,"dtype:B32,XD:X2=0,XN:X0=0x107a48,IMM:0x4,"
LD_XD_XN_IMM,0x10d113c4,SCALAR,1,5,0.000000,"dtype:B8,XD:X3=0,XN:X30=0x1080b0,IMM:0xd88,"
LD_XD_XN_IMM,0x10d113c0,SCALAR,1,5,0.000000,"dtype:B64,XD:X1=0,XN:X30=0x1080b0,IMM:0xd98,"
LD_XD_XN_IMM,0x10d113c8,SCALAR,1,5,0.000000,"dtype:B8,XD:X4=0,XN:X30=0x1080b0,IMM:0xd8f,"
LD_XD_XN_IMM,0x10d11e84,SCALAR,1,5,0.000000,"dtype:B16,XD:X3=0,XN:X30=0x1080b0,IMM:0xeb4,"
LD_XD_XN_IMM,0x10d111f8,SCALAR,1,5,0.000000,"dtype:B32,XD:X9=0,XN:X30=0x1080b0,IMM:0x940,"
LD_XD_XN_IMM,0x10d11e88,SCALAR,1,5,0.000000,"dtype:B16,XD:X4=0,XN:X30=0x1080b0,IMM:0xeb0,"
LD_XD_XN_IMM,0x10d11d6c,SCALAR,1,5,0.000000,"dtype:B8,XD:X3=0,XN:X30=0x1080b0,IMM:0xde9,"
LD_XD_XN_IMM,0x10d11d7c,SCALAR,1,5,0.000000,"dtype:B64,XD:X3=0,XN:X9=0x107928,IMM:0x40,"
LD_XD_XN_IMM,0x10d11e5c,SCALAR,1,5,0.000000,"dtype:B8,XD:X3=0,XN:X0=0x107a48,IMM:0x2,"
LD_XD_XN_IMM,0x10d11e58,SCALAR,1,5,0.000000,"dtype:B64,XD:X1=0,XN:X3=0x100000,IMM:0,"
LD_XD_XN_IMM,0x10d11c40,SCALAR,1,5,0.000000,"dtype:B8,XD:X5=0,XN:X2=0x107a68,IMM:0x2,"
LD_XD_XN,0x10d113f8,SCALAR,1,5,0.000000,"dtype:B8,XD:X5=0,XN:X1=0x107a08,XM:X2=0,#POST:0,"
LDP_XI_XJ_XN,0x10d11d3c,SCALAR,1,5,0.000000,"dtype:B16,XI:X10=0,XJ:X12=0,XN:X10=0x107f60,IMM:0,"
LD_XD_XN_IMM,0x10d11d38,SCALAR,1,5,0.000000,"dtype:B32,XD:X8=0,XN:X7=0x107a48,IMM:0x4,"
LD_XD_XN_IMM,0x10d11e94,SCALAR,1,5,0.000000,"dtype:B64,XD:X5=0,XN:X30=0x1080b0,IMM:0xe70,"
LD_XD_XN_IMM,0x10d11408,SCALAR,1,5,0.000000,"dtype:B8,XD:X3=0,XN:X0=0x107a08,IMM:0x3,"
LD_XD_XN_IMM,0x10d11448,SCALAR,1,5,0.000000,"dtype:B8,XD:X3=0,XN:X30=0x1080b0,IMM:0xd8e,"
LD_XD_XN_IMM,0x10d11450,SCALAR,1,5,0.000000,"dtype:B8,XD:X5=0,XN:X30=0x1080b0,IMM:0xdb8,"
LD_XD_XN_IMM,0x10d11458,SCALAR,1,5,0.000000,"dtype:B8,XD:X8=0,XN:X30=0x1080b0,IMM:0xdbf,"
LD_XD_XN_IMM,0x10d11460,SCALAR,1,5,0.000000,"dtype:B32,XD:X6=0,XN:X4=0x107a08,IMM:0x4,"
LD_XD_XN_IMM,0x10d11464,SCALAR,1,5,0.000000,"dtype:B64,XD:X3=0,XN:X30=0x1080b0,IMM:0xdc8,"
LD_XD_XN_IMM,0x10d11c88,SCALAR,1,5,0.000000,"dtype:B8,XD:X6=0,XN:X30=0x1080b0,IMM:0xde8,"
LD_XD_XN_IMM,0x10d11584,SCALAR,1,5,0.000000,"dtype:B8,XD:X12=0,XN:X30=0x1080b0,IMM:0xe06,"
LD_XD_XN_IMM,0x10d11c60,SCALAR,1,5,0.000000,"dtype:B64,XD:X6=0,XN:X6=0x100000,IMM:0,"
LD_XD_XN_IMM,0x10d11de8,SCALAR,1,5,0.000000,"dtype:B8,XD:X0=0,XN:X30=0x1080b0,IMM:0xdd6,"
LD_XD_XN_IMM,0x10d11580,SCALAR,1,5,0.000000,"dtype:B64,XD:X10=0,XN:X10=0x100000,IMM:0,"
LD_XD_XN_IMM,0x10d11c6c,SCALAR,1,5,0.000000,"dtype:B64,XD:X8=0,XN:X6=0x107928,IMM:0x10,"
LD_XD_XN_IMM,0x10d11e1c,SCALAR,1,5,0.000000,"dtype:B8,XD:X2=0,XN:X30=0x1080b0,IMM:0xde9,"
LD_XD_XN_IMM,0x10d11c80,SCALAR,1,5,0.000000,"dtype:B32,XD:X5=0,XN:X2=0x107a68,IMM:0x4,"
LD_XD_XN_IMM,0x10d11c84,SCALAR,1,5,0.000000,"dtype:B64,XD:X7=0,XN:X30=0x1080b0,IMM:0xdf8,"
LD_XD_XN_IMM,0x10d11e18,SCALAR,1,5,0.000000,"dtype:B8,XD:X0=0,XN:X30=0x1080b0,IMM:0xe1e,"
LD_XD_XN_IMM,0x10d11590,SCALAR,1,5,0.000000,"dtype:B16,XD:X11=0,XN:X30=0x1080b0,IMM:0xeb6,"
LD_XD_XN_IMM,0x10d11c5c,SCALAR,1,5,0.000000,"dtype:B8,XD:X7=0,XN:X2=0x107a68,IMM:0x2,"
LDP_XI_XJ_XN,0x10d115a8,SCALAR,1,5,0.000000,"dtype:B16,XI:X12=0,XJ:X13=0,XN:X12=0x107f60,IMM:0,"
LD_XD_XN_IMM,0x10d11528,SCALAR,1,5,0.000000,"dtype:B8,XD:X10=0,XN:X7=0x107a58,IMM:0x3,"
LD_XD_XN_IMM,0x10d11df8,SCALAR,1,5,0.000000,"dtype:B64,XD:X0=0,XN:X1=0x107928,IMM:0x18,"
LD_XD_XN_IMM,0x10d11598,SCALAR,1,5,0.000000,"dtype:B64,XD:X14=0,XN:X30=0x1080b0,IMM:0xe30,"
LD_XD_XN_IMM,0x10d112bc,SCALAR,1,5,0.000000,"dtype:B32,XD:X10=0,XN:X30=0x1080b0,IMM:0x948,"
SHL,0x10d117ec,SCALAR,4,4,0.000000,"dtype:B64,XD:X8=0,DATA_SRC:IMM,IMM:0x9,"
ADD,0x10d117f0,SCALAR,4,4,0.000000,"dtype:S64,XD:X8=0,XN:X8=0,XM:X1=0,"
ADD_IMM,0x10d117e8,SCALAR,4,4,0.000000,"dtype:S64,XD:X10=0x1,XN:X8=0,IMM:0x1,"
ZEROEXT,0x10d117f8,SCALAR,4,4,0.000000,"dtype:U32,XD:X11=0,XN:X8=0,"
MOV_XD_XN,0x10d117fc,SCALAR,4,4,0.000000,"dtype:S64,XD:X8=0x1,XN:X10=0x1,"
CMP,0x10d11800,SCALAR,4,4,0.000000,"dtype:S64,XN:X7=0x4,XM:X10=0x1,cond_op:NE,"
MOV_SPR_XN,0x10d11058,MTE1,1,4,0.000000,"SPR:L1_3D_SIZE,XN:X0=0,id:1"
ZEROEXT,0x10d11994,SCALAR,4,4,0.000000,"dtype:U32,XD:X11=0x20,XN:X8=0x20,"
CMP,0x10d1199c,SCALAR,4,4,0.000000,"dtype:S64,XN:X5=0x4,XM:X10=0x1,cond_op:NE,"
ZEROEXT,0x10d117f4,SCALAR,4,4,0.000000,"dtype:U32,XD:X9=0,XN:X9=0,"
MOV_XD_XN,0x10d117e0,SCALAR,4,4,0.000000,"dtype:S64,XD:X9=0,XN:X4=0,"
MOV_XD_XN,0x10d1197c,SCALAR,4,4,0.000000,"dtype:S64,XD:X9=0,XN:X6=0,"
MOV_XD_XN,0x10d11998,SCALAR,4,4,0.000000,"dtype:S64,XD:X8=0x1,XN:X10=0x1,"
ZEROEXT,0x10d11990,SCALAR,4,4,0.000000,"dtype:U32,XD:X9=0,XN:X9=0,"
MOV_SPR_XN,0x10d11e98,FIXP,1,4,0.000000,"SPR:ND_PARA,XN:X6=0x1,id:16"
ADD,0x10d1198c,SCALAR,4,4,0.000000,"dtype:S64,XD:X8=0x20,XN:X8=0,XM:X2=0x20,"
SHL,0x10d11988,SCALAR,4,4,0.000000,"dtype:B64,XD:X8=0,DATA_SRC:IMM,IMM:0x9,"
ADD_IMM,0x10d11984,SCALAR,4,4,0.000000,"dtype:S64,XD:X10=0x1,XN:X8=0,IMM:0x1,"
SIGNEXT,0x10d12110,SCALAR,3,3,0.000000,"dtype:S8,XD:X2=0,XN:X2=0,"
SIGNEXT,0x10d12158,SCALAR,3,3,0.000000,"dtype:S8,XD:X2=0x3,XN:X2=0x3,"
MADD,0x10d11020,SCALAR,1,3,0.000000,"dtype:S64,XD:X29=0x107f80,XN:X15=0,XM:X17=0x8000,"
MUL,0x10d1119c,SCALAR,1,2,0.000000,"dtype:S64,XD:X13=0x10,XN:X17=0x4,XM:X16=0x4,"
MUL,0x10d111a0,SCALAR,1,2,0.000000,"dtype:S64,XD:X6=0x1000,XN:X14=0x40,XM:X7=0x40,"
MUL,0x10d11198,SCALAR,1,2,0.000000,"dtype:S64,XD:X12=0x10,XN:X17=0x4,XM:X13=0x4,"
SBITSET,0x10d11d84,SCALAR,1,1,0.000000,"dtype:B64,XD:X3=0x1,XN:X4=0,"
AND,0x10d12204,SCALAR,1,1,0.000000,"dtype:B64,XD:X14=0,XN:X14=0,XM:X16=0x1,"
MOVK,0x10d11004,SCALAR,1,1,0.000000,"XD:X29=0x107f80,IMM:0x10,UIMM:0x1,"
CMPN,0x10d121fc,SCALAR,1,1,0.000000,"dtype:S64,XD:X14=0,XN:X15=0,XM:X14=0,cond_op:NE,"
ADD,0x10d11a90,SCALAR,1,1,0.000000,"dtype:S64,XD:X4=0x107a68,XN:X2=0x107a68,XM:X3=0,"
CMPN,0x10d12200,SCALAR,1,1,0.000000,"dtype:S64,XD:X16=0x1,XN:X16=0,XM:X15=0,cond_op:EQ,"
MOV_XD_IMM,0x10d121d4,SCALAR,1,1,0.000000,"XD:X17=0x8000,IMM:0x8000,"
SFF,0x10d11d80,SCALAR,1,1,0.000000,"dtype:B64,XD:X4=0,XN:X3=0,"
CMP_IMM,0x10d11a9c,SCALAR,1,1,0.000000,"dtype:S64,XN:X5=0xff,IMM:0xff,cond_op:NE,"
ADD_IMM,0x10d11d74,SCALAR,1,1,0.000000,"dtype:S64,XD:X3=0x1,XN:X3=0,IMM:0x1,"
SIGNEXT,0x10d11e60,SCALAR,1,1,0.000000,"dtype:S8,XD:X2=0,XN:X2=0,"
SUB_IMM,0x10d11ae0,SCALAR,1,1,0.000000,"dtype:S64,XD:X5=0x107920,XN:X30=0x1080b0,IMM:0x790,"
SHR,0x10d11ae4,SCALAR,1,1,0.000000,"dtype:U64,XD:X5=0x20,DATA_SRC:IMM,IMM:0xf,"
SHL,0x10d11ae8,SCALAR,1,1,0.000000,"dtype:B64,XD:X5=0x100000,DATA_SRC:IMM,IMM:0xf,"
SIGNEXT,0x10d11e68,SCALAR,1,1,0.000000,"dtype:S8,XD:X3=0,XN:X3=0,"
INSERT_XD,0x10d11d64,SCALAR,1,1,0.000000,"XD:X8=0x4000000040040040,IMM:0x1,POSITION:0x3e,EXT:0,"
OR,0x10d11d60,SCALAR,1,1,0.000000,"dtype:B64,XD:X8=0x40040040,XN:X10=0x40040,XM:X8=0x40000000,"
SBITSET,0x10d11e70,SCALAR,1,1,0.000000,"dtype:B64,XD:X4=0,XN:X3=0,"
MOV_SPR_XN,0x10d12208,SCALAR,1,1,0.000000,"SPR:CONDITION_FLAG,XN:X14=0,"
ADD_IMM,0x10d11aec,SCALAR,1,1,0.000000,"dtype:S64,XD:X5=0x100000,XN:X5=0x100000,IMM:0,"
MOV_XD_IMM,0x10d1224c,SCALAR,1,1,0.000000,"XD:X15=0,IMM:0,"
SUB_IMM,0x10d11df0,SCALAR,1,1,0.000000,"dtype:S64,XD:X0=0,XN:X0=0x1,IMM:0x1,"
OR,0x10d11eb4,SCALAR,1,1,0.000000,"dtype:B64,XD:X3=0x4000000400,XN:X3=0x4000000000,XM:X6=0x400,"
SBITSET,0x10d11dd8,SCALAR,1,1,0.000000,"dtype:B64,XD:X0=0x1f,XN:X6=0x4,"
SIGNEXT,0x10d11a44,SCALAR,1,1,0.000000,"dtype:S8,XD:X3=0x2,XN:X3=0x2,"
SIGNEXT,0x10d11e3c,SCALAR,1,1,0.000000,"dtype:S8,XD:X1=0x4,XN:X6=0x4,"
MOV_XD_SPR,0x10d121e4,SCALAR,1,1,0.000000,"XD:X14=0,SPR:STATUS,"
SIGNEXT,0x10d11da4,SCALAR,1,1,0.000000,"dtype:S8,XD:X4=0,XN:X4=0,"
MOV_XD_IMM,0x10d121f0,SCALAR,1,1,0.000000,"XD:X15=0,IMM:0,"
AND,0x10d121e8,SCALAR,1,1,0.000000,"dtype:B64,XD:X14=0,XN:X14=0,XM:X15=0x520,"
SUB_IMM,0x10d11e2c,SCALAR,1,1,0.000000,"dtype:S64,XD:X2=0,XN:X2=0x1,IMM:0x1,"
SFF,0x10d11dac,SCALAR,1,1,0.000000,"dtype:B64,XD:X7=0x3,XN:X6=0x7,"
SBITSET,0x10d11a4c,SCALAR,1,1,0.000000,"dtype:B64,XD:X4=0,XN:X3=0x2,"
SBITSET,0x10d11db0,SCALAR,1,1,0.000000,"dtype:B64,XD:X6=0xf,XN:X7=0x3,"
SIGNEXT,0x10d11e44,SCALAR,1,1,0.000000,"dtype:S8,XD:X1=0x5,XN:X5=0x5,"
SIGNEXT,0x10d11a3c,SCALAR,1,1,0.000000,"dtype:S8,XD:X1=0x2,XN:X1=0x2,"
SUB_IMM,0x10d11dc8,SCALAR,1,1,0.000000,"dtype:S64,XD:X0=0,XN:X0=0x1,IMM:0x1,"
SUB_IMM,0x10d11e24,SCALAR,1,1,0.000000,"dtype:S64,XD:X4=0,XN:X0=0x1,IMM:0x1,"
CMP_IMM,0x10d11a28,SCALAR,1,1,0.000000,"dtype:S64,XN:X1=0x2,IMM:0xff,cond_op:EQ,"
SIGNEXT,0x10d11a24,SCALAR,1,1,0.000000,"dtype:S8,XD:X3=0x1,XN:X4=0x1,"
SFF,0x10d11dd4,SCALAR,1,1,0.000000,"dtype:B64,XD:X6=0x4,XN:X0=0xf,"
OR,0x10d121ec,SCALAR,1,1,0.000000,"dtype:B64,XD:X16=0,XN:X16=0,XM:X14=0,"
SUB_IMM,0x10d11a14,SCALAR,1,1,0.000000,"dtype:S64,XD:X1=0,XN:X1=0x1,IMM:0x1,"
SIGNEXT,0x10d11a10,SCALAR,1,1,0.000000,"dtype:S8,XD:X3=0x1,XN:X6=0x1,"
SFF,0x10d11e00,SCALAR,1,1,0.000000,"dtype:B64,XD:X5=0x5,XN:X0=0x1f,"
CMP_IMM,0x10d11e48,SCALAR,1,1,0.000000,"dtype:S64,XN:X2=0,IMM:0xff,cond_op:NE,"
SHL,0x10d11a80,SCALAR,1,1,0.000000,"dtype:B64,XD:X3=0,DATA_SRC:IMM,IMM:0x4,"
SEL,0x10d11a7c,SCALAR,1,1,0.000000,"dtype:B64,XD:X6=0,XN:X5=0,XM:X6=0x1,"
CMP,0x10d11a78,SCALAR,1,1,0.000000,"dtype:S64,XN:X7=0x1,XM:X4=0x1,cond_op:EQ,"
MOVK,0x10d121d8,SCALAR,1,1,0.000000,"XD:X17=0x108000,IMM:0x10,UIMM:0x1,"
MOV_XD_IMM,0x10d121dc,SCALAR,1,1,0.000000,"XD:X15=0x520,IMM:0x520,"
SUB_IMM,0x10d11d8c,SCALAR,1,1,0.000000,"dtype:S64,XD:X3=0x107920,XN:X30=0x1080b0,IMM:0x790,"
SHR,0x10d11d90,SCALAR,1,1,0.000000,"dtype:U64,XD:X3=0x20,DATA_SRC:IMM,IMM:0xf,"
SHL,0x10d11d94,SCALAR,1,1,0.000000,"dtype:B64,XD:X3=0x100000,DATA_SRC:IMM,IMM:0xf,"
SFF,0x10d119f8,SCALAR,1,1,0.000000,"dtype:B64,XD:X4=0x1,XN:X1=0x1,"
ADD_IMM,0x10d11d98,SCALAR,1,1,0.000000,"dtype:S64,XD:X3=0x100000,XN:X3=0x100000,IMM:0,"
ZEROEXT,0x10d11a74,SCALAR,1,1,0.000000,"dtype:U8,XD:X7=0x1,XN:X6=0x1,"
ADD_IMM,0x10d11a70,SCALAR,1,1,0.000000,"dtype:S64,XD:X6=0x1,XN:X6=0,IMM:0x1,"
ZEROEXT,0x10d11a6c,SCALAR,1,1,0.000000,"dtype:U8,XD:X3=0,XN:X6=0,"
SBITSET,0x10d11e04,SCALAR,1,1,0.000000,"dtype:B64,XD:X0=0x3f,XN:X5=0x5,"
MOV_XD_IMM,0x10d11a68,SCALAR,1,1,0.000000,"XD:X5=0,IMM:0,"
SBITSET,0x10d119fc,SCALAR,1,1,0.000000,"dtype:B64,XD:X1=0x3,XN:X4=0x1,"
SIGNEXT,0x10d11e08,SCALAR,1,1,0.000000,"dtype:S8,XD:X4=0x3,XN:X7=0x3,"
SEL,0x10d11ca4,SCALAR,1,1,0.000000,"dtype:B64,XD:X10=0,XN:X9=0,XM:X10=0x1,"
SUB_IMM,0x10d11ef0,SCALAR,1,1,0.000000,"dtype:S64,XD:X0=0,XN:X0=0x1,IMM:0x1,"
SBITSET,0x10d11bcc,SCALAR,1,1,0.000000,"dtype:B64,XD:X4=0x6,XN:X3=0,"
SIGNEXT,0x10d11bc4,SCALAR,1,1,0.000000,"dtype:S8,XD:X3=0,XN:X3=0,"
SHL,0x10d11eb0,SCALAR,1,1,0.000000,"dtype:B64,XD:X7=0x400000,DATA_SRC:IMM,IMM:0x10,"
MOV_XD_IMM,0x10d11c90,SCALAR,1,1,0.000000,"XD:X9=0,IMM:0,"
SIGNEXT,0x10d11bbc,SCALAR,1,1,0.000000,"dtype:S8,XD:X2=0,XN:X2=0,"
SHL,0x10d11eac,SCALAR,1,1,0.000000,"dtype:B64,XD:X3=0x4000000000,DATA_SRC:IMM,IMM:0x20,"
ZEROEXT,0x10d11c94,SCALAR,1,1,0.000000,"dtype:U8,XD:X8=0,XN:X10=0,"
ADD_IMM,0x10d11c98,SCALAR,1,1,0.000000,"dtype:S64,XD:X10=0x1,XN:X10=0,IMM:0x1,"
ZEROEXT,0x10d11c9c,SCALAR,1,1,0.000000,"dtype:U8,XD:X11=0x1,XN:X10=0x1,"
CMP,0x10d11ca0,SCALAR,1,1,0.000000,"dtype:S64,XN:X11=0x1,XM:X6=0x1,cond_op:EQ,"
SBITSET,0x10d11c74,SCALAR,1,1,0.000000,"dtype:B64,XD:X8=0,XN:X7=0x2,"
SHL,0x10d11ca8,SCALAR,1,1,0.000000,"dtype:B64,XD:X8=0,DATA_SRC:IMM,IMM:0x4,"
CMP_IMM,0x10d11ef4,SCALAR,1,1,0.000000,"dtype:S64,XN:X1=0,IMM:0,cond_op:NE,"
CMP_IMM,0x10d11ba8,SCALAR,1,1,0.000000,"dtype:S64,XN:X2=0,IMM:0xff,cond_op:EQ,"
MOV_XD_XN,0x10d11ea8,SCALAR,1,1,0.000000,"dtype:S64,XD:X7=0x40,XN:X4=0x40,"
SIGNEXT,0x10d11ba4,SCALAR,1,1,0.000000,"dtype:S8,XD:X3=0x2,XN:X5=0x2,"
MOV_XD_IMM,0x10d11f0c,SCALAR,1,1,0.000000,"XD:X0=0,IMM:0,"
SUB_IMM,0x10d11f10,SCALAR,1,1,0.000000,"dtype:S64,XD:X1=0x107a0b,XN:X30=0x1080b0,IMM:0x6a5,"
ADD,0x10d11cb8,SCALAR,1,1,0.000000,"dtype:S64,XD:X6=0x107a48,XN:X7=0x107a48,XM:X8=0,"
SUB_IMM,0x10d11b90,SCALAR,1,1,0.000000,"dtype:S64,XD:X2=0,XN:X2=0x1,IMM:0x1,"
ZEROEXT,0x10d11ea4,SCALAR,1,1,0.000000,"dtype:U16,XD:X6=0x400,XN:X6=0x400,"
CMP_IMM,0x10d11cc4,SCALAR,1,1,0.000000,"dtype:S64,XN:X9=0xff,IMM:0xff,cond_op:NE,"
ADD_IMM,0x10d11c04,SCALAR,1,1,0.000000,"dtype:S64,XD:X4=0x100000,XN:X4=0x100000,IMM:0,"
SUB_IMM,0x10d11c34,SCALAR,1,1,0.000000,"dtype:S64,XD:X5=0,XN:X4=0x1,IMM:0x1,"
CMP_IMM,0x10d11c44,SCALAR,1,1,0.000000,"dtype:S64,XN:X5=0x2,IMM:0xff,cond_op:EQ,"
SUB_IMM,0x10d11c4c,SCALAR,1,1,0.000000,"dtype:S64,XD:X6=0x107920,XN:X30=0x1080b0,IMM:0x790,"
OR,0x10d11eb8,SCALAR,1,1,0.000000,"dtype:B64,XD:X3=0x4000400400,XN:X3=0x4000000400,XM:X7=0x400000,"
SHR,0x10d11c50,SCALAR,1,1,0.000000,"dtype:U64,XD:X6=0x20,DATA_SRC:IMM,IMM:0xf,"
SHL,0x10d11c54,SCALAR,1,1,0.000000,"dtype:B64,XD:X6=0x100000,DATA_SRC:IMM,IMM:0xf,"
ADD_IMM,0x10d11c58,SCALAR,1,1,0.000000,"dtype:S64,XD:X6=0x100000,XN:X6=0x100000,IMM:0,"
INSERT_XD,0x10d11ebc,SCALAR,1,1,0.000000,"XD:X4=0x80000000040,IMM:0x1,POSITION:0x2b,EXT:0,"
SBITSET,0x10d11c20,SCALAR,1,1,0.000000,"dtype:B64,XD:X6=0x4,XN:X5=0x1,"
SIGNEXT,0x10d11c14,SCALAR,1,1,0.000000,"dtype:S8,XD:X5=0x1,XN:X5=0x1,"
SIGNEXT,0x10d11c10,SCALAR,1,1,0.000000,"dtype:S8,XD:X2=0x1,XN:X2=0x1,"
SUB_IMM,0x10d11d08,SCALAR,1,1,0.000000,"dtype:S64,XD:X9=0x107920,XN:X30=0x1080b0,IMM:0x790,"
SHL,0x10d11c00,SCALAR,1,1,0.000000,"dtype:B64,XD:X4=0x100000,DATA_SRC:IMM,IMM:0xf,"
SFF,0x10d11ecc,SCALAR,1,1,0.000000,"dtype:B64,XD:X3=0,XN:X2=0,"
SHR,0x10d11bfc,SCALAR,1,1,0.000000,"dtype:U64,XD:X4=0x20,DATA_SRC:IMM,IMM:0xf,"
SUB_IMM,0x10d11bf8,SCALAR,1,1,0.000000,"dtype:S64,XD:X4=0x107920,XN:X30=0x1080b0,IMM:0x790,"
CMP_IMM,0x10d11bf0,SCALAR,1,1,0.000000,"dtype:S64,XN:X2=0x1,IMM:0xff,cond_op:EQ,"
SIGNEXT,0x10d11c64,SCALAR,1,1,0.000000,"dtype:S8,XD:X5=0x2,XN:X5=0x2,"
SBITSET,0x10d11ed0,SCALAR,1,1,0.000000,"dtype:B64,XD:X2=0x1,XN:X3=0,"
SIGNEXT,0x10d11c68,SCALAR,1,1,0.000000,"dtype:S8,XD:X7=0x2,XN:X7=0x2,"
SIGNEXT,0x10d11ed8,SCALAR,1,1,0.000000,"dtype:S8,XD:X1=0,XN:X3=0,"
SUB_IMM,0x10d11be4,SCALAR,1,1,0.000000,"dtype:S64,XD:X2=0,XN:X2=0x1,IMM:0x1,"
SHL,0x10d11d50,SCALAR,1,1,0.000000,"dtype:B64,XD:X12=0x40000,DATA_SRC:IMM,IMM:0xc,"
OR,0x10d11d40,SCALAR,1,1,0.000000,"dtype:B64,XD:X5=0,XN:X8=0,XM:X5=0,"
ADD_IMM,0x10d11b34,SCALAR,1,1,0.000000,"dtype:S64,XD:X1=0x1,XN:X1=0,IMM:0x1,"
MOV_XD_IMM,0x10d11d44,SCALAR,1,1,0.000000,"XD:X8=0xfff,IMM:0xfff,"
AND,0x10d11d48,SCALAR,1,1,0.000000,"dtype:B64,XD:X12=0x40,XN:X12=0x40,XM:X8=0xfff,"
OR,0x10d11b24,SCALAR,1,1,0.000000,"dtype:B64,XD:X3=0x20018,XN:X3=0x20000,XM:X7=0x18,"
MOV_XD_IMM,0x10d11b20,SCALAR,1,1,0.000000,"XD:X7=0x18,IMM:0x18,"
AND,0x10d11b1c,SCALAR,1,1,0.000000,"dtype:B64,XD:X3=0x20000,XN:X3=0x20000,XM:X7=0x7ff0000,"
MOVK,0x10d11b18,SCALAR,1,1,0.000000,"XD:X7=0x7ff0000,IMM:0x7ff,UIMM:0x1,"
AND,0x10d11d4c,SCALAR,1,1,0.000000,"dtype:B64,XD:X10=0x40,XN:X10=0x40,XM:X8=0xfff,"
MOV_XD_IMM,0x10d121a4,SCALAR,1,1,0.000000,"XD:X1=0,IMM:0,"
SHL,0x10d11b14,SCALAR,1,1,0.000000,"dtype:B64,XD:X3=0x20000,DATA_SRC:IMM,IMM:0xb,"
SFF,0x10d11b40,SCALAR,1,1,0.000000,"dtype:B64,XD:X3=0x2,XN:X1=0x3,"
INSERT_XD,0x10d121a8,SCALAR,1,1,0.000000,"XD:X0=0x3e,IMM:0,POSITION:0,EXT:0,"
MOV_XD_IMM,0x10d11b08,SCALAR,1,1,0.000000,"XD:X7=0,IMM:0,"
AND,0x10d11d54,SCALAR,1,1,0.000000,"dtype:B64,XD:X8=0x40,XN:X11=0x40,XM:X8=0xfff,"
ADD_IMM,0x10d11b04,SCALAR,1,1,0.000000,"dtype:S64,XD:X6=0x1,XN:X6=0,IMM:0x1,"
MOV_XD_IMM,0x10d11e8c,SCALAR,1,1,0.000000,"XD:X6=0x1,IMM:0x1,"
OR,0x10d11d58,SCALAR,1,1,0.000000,"dtype:B64,XD:X10=0x40040,XN:X12=0x40000,XM:X10=0x40,"
INSERT_XD,0x10d121b8,SCALAR,1,1,0.000000,"XD:X0=0x3c,IMM:0,POSITION:0x1,EXT:0,"
SHL,0x10d11d5c,SCALAR,1,1,0.000000,"dtype:B64,XD:X8=0x40000000,DATA_SRC:IMM,IMM:0x18,"
ADD,0x10d11af8,SCALAR,1,1,0.000000,"dtype:S64,XD:X2=0x107a68,XN:X2=0x107a68,XM:X3=0,"
MOV_XD_IMM,0x10d121bc,SCALAR,1,1,0.000000,"XD:X1=0x1,IMM:0x1,"
ADD_IMM,0x10d11d28,SCALAR,1,1,0.000000,"dtype:S64,XD:X10=0x1,XN:X10=0,IMM:0x1,"
SUB_IMM,0x10d11b88,SCALAR,1,1,0.000000,"dtype:S64,XD:X4=0,XN:X0=0x1,IMM:0x1,"
SHL,0x10d11ea0,SCALAR,1,1,0.000000,"dtype:B64,XD:X6=0x400,DATA_SRC:IMM,IMM:0x4,"
SHR,0x10d11d0c,SCALAR,1,1,0.000000,"dtype:U64,XD:X9=0x20,DATA_SRC:IMM,IMM:0xf,"
SHL,0x10d11d10,SCALAR,1,1,0.000000,"dtype:B64,XD:X9=0x100000,DATA_SRC:IMM,IMM:0xf,"
ADD_IMM,0x10d11d14,SCALAR,1,1,0.000000,"dtype:S64,XD:X9=0x100000,XN:X9=0x100000,IMM:0,"
CMP_IMM,0x10d11f60,SCALAR,1,1,0.000000,"dtype:S64,XN:X3=0x12,IMM:0x11,cond_op:GT,"
CMP_IMM,0x10d11f6c,SCALAR,1,1,0.000000,"dtype:S64,XN:X3=0x12,IMM:0x13,cond_op:GT,"
ADD,0x10d11d20,SCALAR,1,1,0.000000,"dtype:S64,XD:X7=0x107a48,XN:X7=0x107a48,XM:X8=0,"
MOV_XD_XN,0x10d11e9c,SCALAR,1,1,0.000000,"dtype:S64,XD:X6=0x40,XN:X3=0x40,"
SBITSET,0x10d11b70,SCALAR,1,1,0.000000,"dtype:B64,XD:X4=0x7,XN:X5=0x2,"
SFF,0x10d11b6c,SCALAR,1,1,0.000000,"dtype:B64,XD:X5=0x2,XN:X4=0x3,"
MOV_XD_IMM,0x10d121c4,SCALAR,1,1,0.000000,"XD:X0=0x2,IMM:0x2,"
SIGNEXT,0x10d11b64,SCALAR,1,1,0.000000,"dtype:S8,XD:X3=0x2,XN:X3=0x2,"
CMP_IMM,0x10d11f74,SCALAR,1,1,0.000000,"dtype:S64,XN:X3=0x12,IMM:0x12,cond_op:EQ,"
SHL,0x10d11d2c,SCALAR,1,1,0.000000,"dtype:B64,XD:X5=0,DATA_SRC:IMM,IMM:0x20,"
SIGNEXT,0x10d120ec,SCALAR,1,1,0.000000,"dtype:S8,XD:X2=0,XN:X2=0,"
ADD_IMM,0x10d11b58,SCALAR,1,1,0.000000,"dtype:S64,XD:X1=0x100000,XN:X1=0x100000,IMM:0,"
SHL,0x10d11b54,SCALAR,1,1,0.000000,"dtype:B64,XD:X1=0x100000,DATA_SRC:IMM,IMM:0xf,"
SHR,0x10d11b50,SCALAR,1,1,0.000000,"dtype:U64,XD:X1=0x20,DATA_SRC:IMM,IMM:0xf,"
SUB_IMM,0x10d11d34,SCALAR,1,1,0.000000,"dtype:S64,XD:X10=0x107f60,XN:X30=0x1080b0,IMM:0x150,"
SUB_IMM,0x10d11b4c,SCALAR,1,1,0.000000,"dtype:S64,XD:X1=0x107920,XN:X30=0x1080b0,IMM:0x790,"
SBITSET,0x10d11b44,SCALAR,1,1,0.000000,"dtype:B64,XD:X1=0x7,XN:X3=0x2,"
ADD_IMM,0x10d11380,SCALAR,1,1,0.000000,"dtype:S64,XD:X3=0x6,XN:X2=0,IMM:0x6,"
ZEROEXT,0x10d11344,SCALAR,1,1,0.000000,"dtype:U16,XD:X6=0x40,XN:X3=0x40,"
ADD_IMM,0x10d11348,SCALAR,1,1,0.000000,"dtype:S64,XD:X3=0x5,XN:X2=0,IMM:0x5,"
ZEROEXT,0x10d1134c,SCALAR,1,1,0.000000,"dtype:U8,XD:X3=0x5,XN:X3=0x5,"
SHL,0x10d11350,SCALAR,1,1,0.000000,"dtype:B64,XD:X3=0x50,DATA_SRC:IMM,IMM:0x4,"
ADD,0x10d11354,SCALAR,1,1,0.000000,"dtype:S64,XD:X3=0x107a58,XN:X1=0x107a08,XM:X3=0x50,"
MOV_XD_XN,0x10d11358,SCALAR,1,1,0.000000,"dtype:S64,XD:X7=0x40,XN:X6=0x40,"
MOV_XD_XN,0x10d1135c,SCALAR,1,1,0.000000,"dtype:S64,XD:X9=0x107a58,XN:X3=0x107a58,"
SHL,0x10d11360,SCALAR,1,1,0.000000,"dtype:B64,XD:X7=0x80,DATA_SRC:IMM,IMM:0x1,"
INSERT_XD,0x10d11364,SCALAR,1,1,0.000000,"XD:X9=0x107a5c,IMM:0x1,POSITION:0x2,EXT:0,"
ADD,0x10d11338,SCALAR,1,1,0.000000,"dtype:S64,XD:X6=0x4000,XN:X9=0,XM:X6=0x4000,"
ADD,0x10d11384,SCALAR,1,1,0.000000,"dtype:S64,XD:X5=0xc0,XN:X8=0x40,XM:X7=0x80,"
ZEROEXT,0x10d11388,SCALAR,1,1,0.000000,"dtype:U8,XD:X3=0x6,XN:X3=0x6,"
SHL,0x10d1138c,SCALAR,1,1,0.000000,"dtype:B64,XD:X3=0x60,DATA_SRC:IMM,IMM:0x4,"
ADD,0x10d11394,SCALAR,1,1,0.000000,"dtype:S64,XD:X1=0x107a68,XN:X1=0x107a08,XM:X3=0x60,"
MOV_XD_XN,0x10d1139c,SCALAR,1,1,0.000000,"dtype:S64,XD:X3=0x107a68,XN:X1=0x107a68,"
SHL,0x10d113a0,SCALAR,1,1,0.000000,"dtype:B64,XD:X6=0x100,DATA_SRC:IMM,IMM:0x2,"
INSERT_XD,0x10d113a4,SCALAR,1,1,0.000000,"XD:X3=0x107a6c,IMM:0x1,POSITION:0x2,EXT:0,"
ADD,0x10d113cc,SCALAR,1,1,0.000000,"dtype:S64,XD:X5=0x100,XN:X5=0,XM:X6=0x100,"
ADD_IMM,0x10d112fc,SCALAR,1,1,0.000000,"dtype:S64,XD:X6=0x401f,XN:X6=0x4000,IMM:0x1f,"
MOV_XD_XN,0x10d112c0,SCALAR,1,1,0.000000,"dtype:S64,XD:X11=0x107a38,XN:X9=0x107a38,"
INSERT_XD,0x10d112c4,SCALAR,1,1,0.000000,"XD:X11=0x107a3c,IMM:0x1,POSITION:0x2,EXT:0,"
ADD,0x10d112dc,SCALAR,1,1,0.000000,"dtype:S64,XD:X7=0x20,XN:X10=0,XM:X7=0x20,"
ADD_IMM,0x10d112e8,SCALAR,1,1,0.000000,"dtype:S64,XD:X7=0x4,XN:X2=0,IMM:0x4,"
MOV_XD_IMM,0x10d112ec,SCALAR,1,1,0.000000,"XD:X9=0xffe0,IMM:0xffe0,"
SHL,0x10d112f0,SCALAR,1,1,0.000000,"dtype:B64,XD:X6=0x4000,DATA_SRC:IMM,IMM:0x2,"
MOVK,0x10d112f4,SCALAR,1,1,0.000000,"XD:X9=0xffffffe0,IMM:0xffff,UIMM:0x1,"
ZEROEXT,0x10d112f8,SCALAR,1,1,0.000000,"dtype:U8,XD:X7=0x4,XN:X7=0x4,"
ADD_IMM,0x10d113d0,SCALAR,1,1,0.000000,"dtype:S64,XD:X2=0x7,XN:X2=0,IMM:0x7,"
MOVK,0x10d11300,SCALAR,1,1,0.000000,"XD:X9=0x7ffffffe0,IMM:0x7,UIMM:0x2,"
SHL,0x10d11304,SCALAR,1,1,0.000000,"dtype:B64,XD:X7=0x40,DATA_SRC:IMM,IMM:0x4,"
AND,0x10d11308,SCALAR,1,1,0.000000,"dtype:B64,XD:X6=0x4000,XN:X6=0x401f,XM:X9=0x7ffffffe0,"
ADD,0x10d1130c,SCALAR,1,1,0.000000,"dtype:S64,XD:X7=0x107a48,XN:X1=0x107a08,XM:X7=0x40,"
MOV_XD_IMM,0x10d11314,SCALAR,1,1,0.000000,"XD:X10=0x1200,IMM:0x1200,"
MOV_XD_XN,0x10d11318,SCALAR,1,1,0.000000,"dtype:S64,XD:X11=0x107a48,XN:X7=0x107a48,"
MOVK,0x10d1131c,SCALAR,1,1,0.000000,"XD:X10=0xffff1200,IMM:0xffff,UIMM:0x1,"
INSERT_XD,0x10d11320,SCALAR,1,1,0.000000,"XD:X11=0x107a4c,IMM:0x1,POSITION:0x2,EXT:0,"
CMP,0x10d11508,SCALAR,1,1,0.000000,"dtype:S64,XN:X13=0x1,XM:X7=0x1,cond_op:EQ,"
SBITSET,0x10d110c8,SCALAR,1,1,0.000000,"dtype:B64,XD:X9=0x1,XN:X8=0,"
ADD,0x10d11490,SCALAR,1,1,0.000000,"dtype:S64,XD:X5=0x107a28,XN:X3=0x107a28,XM:X4=0,"
CMP_IMM,0x10d1149c,SCALAR,1,1,0.000000,"dtype:S64,XN:X7=0xff,IMM:0xff,cond_op:EQ,"
ADD,0x10d114dc,SCALAR,1,1,0.000000,"dtype:S64,XD:X8=0x107a28,XN:X3=0x107a28,XM:X4=0,"
ADD_IMM,0x10d114e4,SCALAR,1,1,0.000000,"dtype:S64,XD:X7=0x1,XN:X7=0,IMM:0x1,"
MOV_XD_IMM,0x10d114f8,SCALAR,1,1,0.000000,"XD:X10=0,IMM:0,"
ZEROEXT,0x10d114fc,SCALAR,1,1,0.000000,"dtype:U8,XD:X11=0,XN:X12=0,"
ADD_IMM,0x10d11500,SCALAR,1,1,0.000000,"dtype:S64,XD:X12=0x1,XN:X12=0,IMM:0x1,"
ZEROEXT,0x10d11504,SCALAR,1,1,0.000000,"dtype:U8,XD:X13=0x1,XN:X12=0x1,"
SHL,0x10d11480,SCALAR,1,1,0.000000,"dtype:B64,XD:X4=0,DATA_SRC:IMM,IMM:0x4,"
SHL,0x10d11510,SCALAR,1,1,0.000000,"dtype:B64,XD:X11=0,DATA_SRC:IMM,IMM:0x4,"
MOV_XD_IMM,0x10d110c4,SCALAR,1,1,0.000000,"XD:X9=0,IMM:0,"
ADD,0x10d11520,SCALAR,1,1,0.000000,"dtype:S64,XD:X7=0x107a58,XN:X9=0x107a58,XM:X11=0,"
CMP_IMM,0x10d1152c,SCALAR,1,1,0.000000,"dtype:S64,XN:X10=0xff,IMM:0xff,cond_op:NE,"
SFF,0x10d110c0,SCALAR,1,1,0.000000,"dtype:B64,XD:X8=0,XN:X0=0,"
SUB_IMM,0x10d110ac,SCALAR,1,1,0.000000,"dtype:S64,XD:X9=0x1079d8,XN:X30=0x1080b0,IMM:0x6d8,"
SUB_IMM,0x10d11570,SCALAR,1,1,0.000000,"dtype:S64,XD:X10=0x107920,XN:X30=0x1080b0,IMM:0x790,"
SHR,0x10d11574,SCALAR,1,1,0.000000,"dtype:U64,XD:X10=0x20,DATA_SRC:IMM,IMM:0xf,"
SIGNEXT,0x10d110cc,SCALAR,1,1,0.000000,"dtype:S8,XD:X8=0,XN:X8=0,"
ZEROEXT,0x10d113dc,SCALAR,1,1,0.000000,"dtype:U8,XD:X2=0,XN:X4=0,"
ADD_IMM,0x10d113e0,SCALAR,1,1,0.000000,"dtype:S64,XD:X4=0x1,XN:X4=0,IMM:0x1,"
ZEROEXT,0x10d113e4,SCALAR,1,1,0.000000,"dtype:U8,XD:X5=0x1,XN:X4=0x1,"
CMP,0x10d113e8,SCALAR,1,1,0.000000,"dtype:S64,XN:X5=0x1,XM:X3=0x1,cond_op:EQ,"
SEL,0x10d113ec,SCALAR,1,1,0.000000,"dtype:B64,XD:X4=0,XN:X0=0,XM:X4=0x1,"
SHL,0x10d113f0,SCALAR,1,1,0.000000,"dtype:B64,XD:X2=0,DATA_SRC:IMM,IMM:0x4,"
ADD,0x10d11400,SCALAR,1,1,0.000000,"dtype:S64,XD:X0=0x107a08,XN:X1=0x107a08,XM:X2=0,"
CMP_IMM,0x10d1140c,SCALAR,1,1,0.000000,"dtype:S64,XN:X3=0xff,IMM:0xff,cond_op:EQ,"
ADD,0x10d112b8,SCALAR,1,1,0.000000,"dtype:S64,XD:X9=0x107a38,XN:X1=0x107a08,XM:X9=0x30,"
ADD,0x10d1144c,SCALAR,1,1,0.000000,"dtype:S64,XD:X4=0x107a08,XN:X1=0x107a08,XM:X2=0,"
ADD_IMM,0x10d11454,SCALAR,1,1,0.000000,"dtype:S64,XD:X3=0x1,XN:X3=0,IMM:0x1,"
MOV_XD_IMM,0x10d11468,SCALAR,1,1,0.000000,"XD:X7=0,IMM:0,"
ZEROEXT,0x10d1146c,SCALAR,1,1,0.000000,"dtype:U8,XD:X4=0,XN:X8=0,"
ADD_IMM,0x10d11470,SCALAR,1,1,0.000000,"dtype:S64,XD:X8=0x1,XN:X8=0,IMM:0x1,"
ZEROEXT,0x10d11474,SCALAR,1,1,0.000000,"dtype:U8,XD:X9=0x1,XN:X8=0x1,"
CMP,0x10d11478,SCALAR,1,1,0.000000,"dtype:S64,XN:X9=0x1,XM:X5=0x1,cond_op:EQ,"
SEL,0x10d1147c,SCALAR,1,1,0.000000,"dtype:B64,XD:X8=0,XN:X7=0,XM:X8=0x1,"
SUB_IMM,0x10d11178,SCALAR,1,1,0.000000,"dtype:S64,XD:X15=0x107f6a,XN:X30=0x1080b0,IMM:0x146,"
SIGNEXT,0x10d11154,SCALAR,1,1,0.000000,"dtype:S8,XD:X8=0x2,XN:X10=0x2,"
SHR,0x10d11158,SCALAR,1,1,0.000000,"dtype:U64,XD:X9=0x20,DATA_SRC:IMM,IMM:0xf,"
MOV_XD_XN,0x10d1115c,SCALAR,1,1,0.000000,"dtype:S64,XD:X17=0x4f,XN:X6=0x4f,"
AND,0x10d11160,SCALAR,1,1,0.000000,"dtype:B64,XD:X3=0x40,XN:X15=0x4f,XM:X3=0x1fff0,"
MOV_XD_IMM,0x10d11164,SCALAR,1,1,0.000000,"XD:X15=0xfff0,IMM:0xfff0,"
SHL,0x10d11168,SCALAR,1,1,0.000000,"dtype:B64,XD:X9=0x100000,DATA_SRC:IMM,IMM:0xf,"
SHR,0x10d1116c,SCALAR,1,1,0.000000,"dtype:U64,XD:X17=0x4,DATA_SRC:IMM,IMM:0x4,"
AND,0x10d11170,SCALAR,1,1,0.000000,"dtype:B64,XD:X12=0x40,XN:X12=0x4f,XM:X15=0xfff0,"
AND,0x10d11174,SCALAR,1,1,0.000000,"dtype:B64,XD:X6=0x40,XN:X6=0x4f,XM:X15=0xfff0,"
MOVX8_XD_IMM,0x10d1114c,SCALAR,1,1,0.000000,"XD:X3=0x1fff0,IMM:0x3ffe,"
ADD_IMM,0x10d1117c,SCALAR,1,1,0.000000,"dtype:S64,XD:X9=0x100000,XN:X9=0x100000,IMM:0,"
SFF,0x10d110e0,SCALAR,1,1,0.000000,"dtype:B64,XD:X8=0x1,XN:X9=0x1,"
SUB_IMM,0x10d11180,SCALAR,1,1,0.000000,"dtype:S64,XD:X10=0x107928,XN:X30=0x1080b0,IMM:0x788,"
SUB_IMM,0x10d11188,SCALAR,1,1,0.000000,"dtype:S64,XD:X12=0x107f6e,XN:X30=0x1080b0,IMM:0x142,"
SUB_IMM,0x10d111a4,SCALAR,1,1,0.000000,"dtype:S64,XD:X8=0x107ee0,XN:X30=0x1080b0,IMM:0x1d0,"
SUB_IMM,0x10d111a8,SCALAR,1,1,0.000000,"dtype:S64,XD:X9=0x107f00,XN:X30=0x1080b0,IMM:0x1b0,"
SUB_IMM,0x10d111ac,SCALAR,1,1,0.000000,"dtype:S64,XD:X10=0x107f20,XN:X30=0x1080b0,IMM:0x190,"
SUB_IMM,0x10d111b0,SCALAR,1,1,0.000000,"dtype:S64,XD:X11=0x107f40,XN:X30=0x1080b0,IMM:0x170,"
SHR,0x10d11128,SCALAR,1,1,0.000000,"dtype:U64,XD:X13=0x4,DATA_SRC:IMM,IMM:0x4,"
SBITSET,0x10d110ec,SCALAR,1,1,0.000000,"dtype:B64,XD:X9=0x7,XN:X10=0x2,"
SUB_IMM,0x10d110f0,SCALAR,1,1,0.000000,"dtype:S64,XD:X13=0x107f60,XN:X30=0x1080b0,IMM:0x150,"
ZEROEXT,0x10d11110,SCALAR,1,1,0.000000,"dtype:U16,XD:X7=0x40,XN:X7=0x40,"
ZEROEXT,0x10d11114,SCALAR,1,1,0.000000,"dtype:U16,XD:X14=0x40,XN:X3=0x40,"
ADD_IMM,0x10d11118,SCALAR,1,1,0.000000,"dtype:S64,XD:X12=0x4f,XN:X7=0x40,IMM:0xf,"
ADD_IMM,0x10d1111c,SCALAR,1,1,0.000000,"dtype:S64,XD:X15=0x4f,XN:X14=0x40,IMM:0xf,"
MOV_XD_XN,0x10d11120,SCALAR,1,1,0.000000,"dtype:S64,XD:X13=0x4f,XN:X12=0x4f,"
MOV_XD_XN,0x10d11124,SCALAR,1,1,0.000000,"dtype:S64,XD:X16=0x4f,XN:X15=0x4f,"
SUB_IMM,0x10d111b4,SCALAR,1,1,0.000000,"dtype:S64,XD:X7=0x107f74,XN:X30=0x1080b0,IMM:0x13c,"
SHR,0x10d1112c,SCALAR,1,1,0.000000,"dtype:U64,XD:X16=0x4,DATA_SRC:IMM,IMM:0x4,"
SFF,0x10d110e8,SCALAR,1,1,0.000000,"dtype:B64,XD:X10=0x2,XN:X9=0x3,"
SUB_IMM,0x10d11134,SCALAR,1,1,0.000000,"dtype:S64,XD:X3=0x107f66,XN:X30=0x1080b0,IMM:0x14a,"
SIGNEXT,0x10d11138,SCALAR,1,1,0.000000,"dtype:S8,XD:X8=0x1,XN:X8=0x1,"
ZEROEXT,0x10d1113c,SCALAR,1,1,0.000000,"dtype:U16,XD:X6=0x40,XN:X6=0x40,"
SUB_IMM,0x10d11140,SCALAR,1,1,0.000000,"dtype:S64,XD:X9=0x107920,XN:X30=0x1080b0,IMM:0x790,"
SBITSET,0x10d110e4,SCALAR,1,1,0.000000,"dtype:B64,XD:X9=0x3,XN:X8=0x1,"
ADD_IMM,0x10d11144,SCALAR,1,1,0.000000,"dtype:S64,XD:X6=0x4f,XN:X6=0x40,IMM:0xf,"
ADD_IMM,0x10d1127c,SCALAR,1,1,0.000000,"dtype:S64,XD:X10=0x3f,XN:X13=0x20,IMM:0x1f,"
MOV_XD_XN,0x10d1123c,SCALAR,1,1,0.000000,"dtype:S64,XD:X12=0x107a18,XN:X10=0x107a18,"
MOVK,0x10d11240,SCALAR,1,1,0.000000,"XD:X4=0xffff0300,IMM:0xffff,UIMM:0x1,"
INSERT_XD,0x10d11244,SCALAR,1,1,0.000000,"XD:X12=0x107a1c,IMM:0x1,POSITION:0x2,EXT:0,"
ADD,0x10d11248,SCALAR,1,1,0.000000,"dtype:S64,XD:X9=0x20,XN:X9=0,XM:X8=0x20,"
ADD,0x10d11260,SCALAR,1,1,0.000000,"dtype:S64,XD:X8=0x20,XN:X11=0,XM:X8=0x20,"
ADD_IMM,0x10d1126c,SCALAR,1,1,0.000000,"dtype:S64,XD:X8=0x2,XN:X2=0,IMM:0x2,"
ZEROEXT,0x10d11270,SCALAR,1,1,0.000000,"dtype:U8,XD:X8=0x2,XN:X8=0x2,"
SHL,0x10d11274,SCALAR,1,1,0.000000,"dtype:B64,XD:X13=0x20,DATA_SRC:IMM,IMM:0x1,"
SHL,0x10d11278,SCALAR,1,1,0.000000,"dtype:B64,XD:X8=0x20,DATA_SRC:IMM,IMM:0x4,"
MOV_XD_IMM,0x10d11238,SCALAR,1,1,0.000000,"XD:X4=0x300,IMM:0x300,"
ADD,0x10d11280,SCALAR,1,1,0.000000,"dtype:S64,XD:X8=0x107a28,XN:X1=0x107a08,XM:X8=0x20,"
AND,0x10d11284,SCALAR,1,1,0.000000,"dtype:B64,XD:X7=0x20,XN:X10=0x3f,XM:X7=0xfffffe0,"
MOV_XD_XN,0x10d11288,SCALAR,1,1,0.000000,"dtype:S64,XD:X10=0x107a28,XN:X8=0x107a28,"
INSERT_XD,0x10d1128c,SCALAR,1,1,0.000000,"XD:X10=0x107a2c,IMM:0x1,POSITION:0x2,EXT:0,"
ADD,0x10d112a8,SCALAR,1,1,0.000000,"dtype:S64,XD:X8=0x40,XN:X9=0x20,XM:X7=0x20,"
ADD_IMM,0x10d112ac,SCALAR,1,1,0.000000,"dtype:S64,XD:X9=0x3,XN:X2=0,IMM:0x3,"
ZEROEXT,0x10d112b0,SCALAR,1,1,0.000000,"dtype:U8,XD:X9=0x3,XN:X9=0x3,"
SHL,0x10d112b4,SCALAR,1,1,0.000000,"dtype:B64,XD:X9=0x30,DATA_SRC:IMM,IMM:0x4,"
ADD,0x10d111f4,SCALAR,1,1,0.000000,"dtype:S64,XD:X4=0x107a08,XN:X1=0x107a08,XM:X4=0,"
SHL,0x10d111d0,SCALAR,1,1,0.000000,"dtype:B64,XD:X12=0x20,DATA_SRC:IMM,IMM:0x1,"
MOV_XD_IMM,0x10d111d8,SCALAR,1,1,0.000000,"XD:X7=0xffe0,IMM:0xffe0,"
ADD_IMM,0x10d111dc,SCALAR,1,1,0.000000,"dtype:S64,XD:X1=0x3f,XN:X12=0x20,IMM:0x1f,"
MOVK,0x10d111e0,SCALAR,1,1,0.000000,"XD:X7=0xfffffe0,IMM:0xfff,UIMM:0x1,"
AND,0x10d111e4,SCALAR,1,1,0.000000,"dtype:B64,XD:X8=0x20,XN:X1=0x3f,XM:X7=0xfffffe0,"
MOV_XD_XN,0x10d111e8,SCALAR,1,1,0.000000,"dtype:S64,XD:X4=0,XN:X2=0,"
SUB_IMM,0x10d111ec,SCALAR,1,1,0.000000,"dtype:S64,XD:X1=0x107a08,XN:X30=0x1080b0,IMM:0x6a8,"
SHL,0x10d111f0,SCALAR,1,1,0.000000,"dtype:B64,XD:X4=0,DATA_SRC:IMM,IMM:0x4,"
SEL,0x10d1150c,SCALAR,1,1,0.000000,"dtype:B64,XD:X12=0,XN:X10=0,XM:X12=0x1,"
MOV_XD_IMM,0x10d111fc,SCALAR,1,1,0.000000,"XD:X5=0x100,IMM:0x100,"
MOV_XD_XN,0x10d11200,SCALAR,1,1,0.000000,"dtype:S64,XD:X10=0x107a08,XN:X4=0x107a08,"
MOVK,0x10d11204,SCALAR,1,1,0.000000,"XD:X5=0xffff0100,IMM:0xffff,UIMM:0x1,"
INSERT_XD,0x10d11208,SCALAR,1,1,0.000000,"XD:X10=0x107a0c,IMM:0x1,POSITION:0x2,EXT:0,"
ADD_IMM,0x10d11224,SCALAR,1,1,0.000000,"dtype:S64,XD:X4=0x1,XN:X2=0,IMM:0x1,"
ZEROEXT,0x10d11228,SCALAR,1,1,0.000000,"dtype:U8,XD:X4=0x1,XN:X4=0x1,"
SHL,0x10d1122c,SCALAR,1,1,0.000000,"dtype:B64,XD:X4=0x10,DATA_SRC:IMM,IMM:0x4,"
ADD,0x10d11230,SCALAR,1,1,0.000000,"dtype:S64,XD:X10=0x107a18,XN:X1=0x107a08,XM:X4=0x10,"
SIGNEXT,0x10d11868,SCALAR,1,1,0.000000,"dtype:S8,XD:X3=0,XN:X4=0,"
SHR,0x10d11810,SCALAR,1,1,0.000000,"dtype:U64,XD:X1=0x20,DATA_SRC:IMM,IMM:0xf,"
SHL,0x10d11814,SCALAR,1,1,0.000000,"dtype:B64,XD:X1=0x100000,DATA_SRC:IMM,IMM:0xf,"
ADD_IMM,0x10d1181c,SCALAR,1,1,0.000000,"dtype:S64,XD:X1=0x100000,XN:X1=0x100000,IMM:0,"
ADD_IMM,0x10d11828,SCALAR,1,1,0.000000,"dtype:S64,XD:X4=0x1,XN:X4=0,IMM:0x1,"
MOV_XD_IMM,0x10d11044,SCALAR,1,1,0.000000,"XD:X8=0,IMM:0,"
SFF,0x10d11834,SCALAR,1,1,0.000000,"dtype:B64,XD:X4=0,XN:X2=0,"
SBITSET,0x10d11838,SCALAR,1,1,0.000000,"dtype:B64,XD:X2=0x1,XN:X4=0,"
SFF,0x10d1184c,SCALAR,1,1,0.000000,"dtype:B64,XD:X5=0,XN:X3=0,"
SBITSET,0x10d11850,SCALAR,1,1,0.000000,"dtype:B64,XD:X3=0x1,XN:X5=0,"
SUB_IMM,0x10d1180c,SCALAR,1,1,0.000000,"dtype:S64,XD:X1=0x107920,XN:X30=0x1080b0,IMM:0x790,"
SUB_IMM,0x10d1186c,SCALAR,1,1,0.000000,"dtype:S64,XD:X4=0,XN:X0=0x1,IMM:0x1,"
SUB_IMM,0x10d11874,SCALAR,1,1,0.000000,"dtype:S64,XD:X2=0,XN:X2=0x1,IMM:0x1,"
MOV_XD_SPR,0x10d11040,SCALAR,1,1,0.000000,"XD:X0=0,SPR:CTRL,"
ADD_IMM,0x10d1102c,SCALAR,1,1,0.000000,"dtype:S64,XD:X6=0x10537e24,XN:X0=0x10537e00,IMM:0x24,"
MOV_XD_SPR,0x10d11028,SCALAR,1,1,0.000000,"XD:X0=0x10537e00,SPR:PARA_BASE,"
SIGNEXT,0x10d11888,SCALAR,1,1,0.000000,"dtype:S8,XD:X3=0,XN:X5=0,"
CMP_IMM,0x10d1188c,SCALAR,1,1,0.000000,"dtype:S64,XN:X2=0x1,IMM:0xff,cond_op:EQ,"
ADD_IMM,0x10d11024,SCALAR,1,1,0.000000,"dtype:S64,XD:X30=0x1080b0,XN:X29=0x107f80,IMM:0x130,"
SHL,0x10d117c0,SCALAR,1,1,0.000000,"dtype:B64,XD:X8=0x40000,DATA_SRC:IMM,IMM:0x10,"
MOVX8_XD_IMM,0x10d11054,SCALAR,1,1,0.000000,"XD:X8=0x7ff80,IMM:0xfff0,"
ADD,0x10d11748,SCALAR,1,1,0.000000,"dtype:S64,XD:X2=0x107a18,XN:X3=0x107a18,XM:X4=0,"
CMP_IMM,0x10d11754,SCALAR,1,1,0.000000,"dtype:S64,XN:X5=0xff,IMM:0xff,cond_op:EQ,"
MOV_XD_IMM,0x10d11050,SCALAR,1,1,0.000000,"XD:X0=0,IMM:0,"
ADD,0x10d11798,SCALAR,1,1,0.000000,"dtype:S64,XD:X3=0x107a18,XN:X3=0x107a18,XM:X4=0,"
ADD_IMM,0x10d1179c,SCALAR,1,1,0.000000,"dtype:S64,XD:X4=0x1,XN:X6=0,IMM:0x1,"
CMP_IMM,0x10d117a0,SCALAR,1,1,0.000000,"dtype:S64,XN:X5=0x40,IMM:0,cond_op:EQ,"
ADD_IMM,0x10d117ac,SCALAR,1,1,0.000000,"dtype:S64,XD:X7=0x4f,XN:X5=0x40,IMM:0xf,"
ZEROEXT,0x10d117bc,SCALAR,1,1,0.000000,"dtype:U8,XD:X8=0x4,XN:X5=0x4,"
MOV_XD_IMM,0x10d1101c,SCALAR,1,1,0.000000,"XD:X17=0x8000,IMM:0x8000,"
SHL,0x10d117c4,SCALAR,1,1,0.000000,"dtype:B64,XD:X6=0x4000000,DATA_SRC:IMM,IMM:0x18,"
SHR,0x10d117c8,SCALAR,1,1,0.000000,"dtype:U64,XD:X7=0x4,DATA_SRC:IMM,IMM:0x4,"
OR,0x10d117cc,SCALAR,1,1,0.000000,"dtype:B64,XD:X6=0x4040000,XN:X8=0x40000,XM:X6=0x4000000,"
MOV_XD_IMM,0x10d117d0,SCALAR,1,1,0.000000,"XD:X8=0x1,IMM:0x1,"
SHL,0x10d117d4,SCALAR,1,1,0.000000,"dtype:B64,XD:X5=0x80,DATA_SRC:IMM,IMM:0x5,"
MAX,0x10d117d8,SCALAR,1,1,0.000000,"dtype:S64,XD:X7=0x4,XN:X7=0x4,XM:X8=0x1,"
MOV_XD_IMM,0x10d117dc,SCALAR,1,1,0.000000,"XD:X8=0,IMM:0,"
INSERT_XD_XN,0x10d11048,SCALAR,1,1,0.000000,"XD:X0=0,XN:X8=0,IMM:0x6,UIMM:0x2,"
MOV_XD_IMM,0x10d11978,SCALAR,1,1,0.000000,"XD:X8=0,IMM:0,"
CMP_IMM,0x10d1194c,SCALAR,1,1,0.000000,"dtype:S64,XN:X5=0x4,IMM:0,cond_op:EQ,"
MOV_XD_XN,0x10d11960,SCALAR,1,1,0.000000,"dtype:S64,XD:X8=0x4,XN:X5=0x4,"
MOV_XD_SPR,0x10d11008,SCALAR,1,1,0.000000,"XD:X15=0,SPR:SYS_VA_BASE,"
ZEROEXT,0x10d11964,SCALAR,1,1,0.000000,"dtype:U8,XD:X7=0x4,XN:X4=0x4,"
SHL,0x10d11968,SCALAR,1,1,0.000000,"dtype:B64,XD:X7=0x40000,DATA_SRC:IMM,IMM:0x10,"
MOV_XD_IMM,0x10d11000,SCALAR,1,1,0.000000,"XD:X29=0x7f80,IMM:0x7f80,"
SHL,0x10d1196c,SCALAR,1,1,0.000000,"dtype:B64,XD:X8=0x4000000,DATA_SRC:IMM,IMM:0x18,"
SHL,0x10d11970,SCALAR,1,1,0.000000,"dtype:B64,XD:X4=0x80,DATA_SRC:IMM,IMM:0x5,"
OR,0x10d11974,SCALAR,1,1,0.000000,"dtype:B64,XD:X7=0x4040000,XN:X7=0x40000,XM:X8=0x4000000,"
ADD_IMM,0x10d11948,SCALAR,1,1,0.000000,"dtype:S64,XD:X4=0x1,XN:X6=0,IMM:0x1,"
ADD_IMM,0x10d119e4,SCALAR,1,1,0.000000,"dtype:S64,XD:X4=0x1,XN:X4=0,IMM:0x1,"
SUB_IMM,0x10d119a8,SCALAR,1,1,0.000000,"dtype:S64,XD:X2=0x107920,XN:X30=0x1080b0,IMM:0x790,"
SHR,0x10d119ac,SCALAR,1,1,0.000000,"dtype:U64,XD:X2=0x20,DATA_SRC:IMM,IMM:0xf,"
SHL,0x10d119b0,SCALAR,1,1,0.000000,"dtype:B64,XD:X2=0x100000,DATA_SRC:IMM,IMM:0xf,"
ADD_IMM,0x10d119b4,SCALAR,1,1,0.000000,"dtype:S64,XD:X2=0x100000,XN:X2=0x100000,IMM:0,"
SFF,0x10d119c0,SCALAR,1,1,0.000000,"dtype:B64,XD:X6=0x1,XN:X5=0x1,"
SBITSET,0x10d119c4,SCALAR,1,1,0.000000,"dtype:B64,XD:X5=0x3,XN:X6=0x1,"
SUB_IMM,0x10d119e0,SCALAR,1,1,0.000000,"dtype:S64,XD:X0=0,XN:X0=0x1,IMM:0x1,"
ZEROEXT,0x10d118d8,SCALAR,1,1,0.000000,"dtype:U8,XD:X7=0x1,XN:X6=0x1,"
AND,0x10d11018,SCALAR,1,1,0.000000,"dtype:B64,XD:X15=0,XN:X15=0,XM:X16=0x7fff,"
SIGNEXT,0x10d118a0,SCALAR,1,1,0.000000,"dtype:S8,XD:X2=0x1,XN:X2=0x1,"
SIGNEXT,0x10d118a8,SCALAR,1,1,0.000000,"dtype:S8,XD:X3=0x1,XN:X3=0x1,"
MOV_XD_IMM,0x10d11014,SCALAR,1,1,0.000000,"XD:X16=0x7fff,IMM:0x7fff,"
SBITSET,0x10d118b0,SCALAR,1,1,0.000000,"dtype:B64,XD:X4=0x4,XN:X3=0x1,"
MOV_XD_IMM,0x10d118cc,SCALAR,1,1,0.000000,"XD:X5=0,IMM:0,"
ZEROEXT,0x10d118d0,SCALAR,1,1,0.000000,"dtype:U8,XD:X4=0,XN:X6=0,"
ADD_IMM,0x10d118d4,SCALAR,1,1,0.000000,"dtype:S64,XD:X6=0x1,XN:X6=0,IMM:0x1,"
SUB_IMM,0x10d110a8,SCALAR,1,1,0.000000,"dtype:S64,XD:X8=0x1079b8,XN:X30=0x1080b0,IMM:0x6f8,"
CMP,0x10d118dc,SCALAR,1,1,0.000000,"dtype:S64,XN:X7=0x1,XM:X1=0x1,cond_op:EQ,"
SEL,0x10d118e0,SCALAR,1,1,0.000000,"dtype:B64,XD:X6=0,XN:X5=0,XM:X6=0x1,"
SHL,0x10d118e4,SCALAR,1,1,0.000000,"dtype:B64,XD:X4=0,DATA_SRC:IMM,IMM:0x4,"
MOV_XD_SPR,0x10d11010,SCALAR,1,1,0.000000,"XD:X15=0,SPR:COREID,"
ADD,0x10d118f4,SCALAR,1,1,0.000000,"dtype:S64,XD:X1=0x107a38,XN:X3=0x107a38,XM:X4=0,"
CMP_IMM,0x10d11900,SCALAR,1,1,0.000000,"dtype:S64,XN:X5=0xff,IMM:0xff,cond_op:EQ,"
ADD,0x10d1100c,SCALAR,1,1,0.000000,"dtype:S64,XD:X29=0x107f80,XN:X29=0x107f80,XM:X15=0,"
ADD,0x10d11944,SCALAR,1,1,0.000000,"dtype:S64,XD:X3=0x107a38,XN:X3=0x107a38,XM:X4=0,"
SHL,0x10d1160c,SCALAR,1,1,0.000000,"dtype:B64,XD:X11=0x40000,DATA_SRC:IMM,IMM:0xc,"
MOV_XD_XN,0x10d115ec,SCALAR,1,1,0.000000,"dtype:S64,XD:X14=0x40,XN:X11=0x40,"
SHL,0x10d115f0,SCALAR,1,1,0.000000,"dtype:B64,XD:X13=0x400000,DATA_SRC:IMM,IMM:0x10,"
SUB_IMM,0x10d11090,SCALAR,1,1,0.000000,"dtype:S64,XD:X8=0x107978,XN:X30=0x1080b0,IMM:0x738,"
SHL,0x10d115f4,SCALAR,1,1,0.000000,"dtype:B64,XD:X14=0x4000000000,DATA_SRC:IMM,IMM:0x20,"
SHL,0x10d115f8,SCALAR,1,1,0.000000,"dtype:B64,XD:X6=0x400000,DATA_SRC:IMM,IMM:0x10,"
OR,0x10d115fc,SCALAR,1,1,0.000000,"dtype:B64,XD:X13=0x4000400000,XN:X13=0x400000,XM:X14=0x4000000000,"
OR,0x10d11600,SCALAR,1,1,0.000000,"dtype:B64,XD:X6=0x400040,XN:X11=0x40,XM:X6=0x400000,"
INSERT_XD,0x10d11604,SCALAR,1,1,0.000000,"XD:X13=0x4000400010,IMM:0x1,POSITION:0x4,EXT:0,"
INSERT_XD,0x10d11608,SCALAR,1,1,0.000000,"XD:X6=0x100400040,IMM:0x1,POSITION:0x20,EXT:0,"
ZEROEXT,0x10d115e8,SCALAR,1,1,0.000000,"dtype:U16,XD:X6=0x40,XN:X6=0x40,"
MOV_XD_IMM,0x10d11614,SCALAR,1,1,0.000000,"XD:X8=0,IMM:0,"
SHL,0x10d11738,SCALAR,1,1,0.000000,"dtype:B64,XD:X4=0,DATA_SRC:IMM,IMM:0x4,"
SUB_IMM,0x10d1107c,SCALAR,1,1,0.000000,"dtype:S64,XD:X9=0x107958,XN:X30=0x1080b0,IMM:0x758,"
AND,0x10d11620,SCALAR,1,1,0.000000,"dtype:B64,XD:X8=0x40000,XN:X11=0x40000,XM:X8=0xfff0000,"
INSERT_XD,0x10d11624,SCALAR,1,1,0.000000,"XD:X8=0x40010,IMM:0x1,POSITION:0x4,EXT:0,"
ADD,0x10d11628,SCALAR,1,1,0.000000,"dtype:S64,XD:X1=0x107a08,XN:X1=0x107a08,XM:X2=0,"
ADD,0x10d11638,SCALAR,1,1,0.000000,"dtype:S64,XD:X3=0x107a28,XN:X3=0x107a28,XM:X4=0,"
ADD_IMM,0x10d1163c,SCALAR,1,1,0.000000,"dtype:S64,XD:X6=0x1,XN:X6=0,IMM:0x1,"
MOV_XD_XN,0x10d115b0,SCALAR,1,1,0.000000,"dtype:S64,XD:X15=0x40,XN:X13=0x40,"
SHL,0x10d11578,SCALAR,1,1,0.000000,"dtype:B64,XD:X10=0x100000,DATA_SRC:IMM,IMM:0xf,"
ADD_IMM,0x10d1157c,SCALAR,1,1,0.000000,"dtype:S64,XD:X10=0x100000,XN:X10=0x100000,IMM:0,"
ADD,0x10d11588,SCALAR,1,1,0.000000,"dtype:S64,XD:X9=0x107a58,XN:X9=0x107a58,XM:X11=0,"
SUB_IMM,0x10d11094,SCALAR,1,1,0.000000,"dtype:S64,XD:X9=0x107998,XN:X30=0x1080b0,IMM:0x718,"
ADD_IMM,0x10d11594,SCALAR,1,1,0.000000,"dtype:S64,XD:X12=0x1,XN:X12=0,IMM:0x1,"
SUB_IMM,0x10d115a0,SCALAR,1,1,0.000000,"dtype:S64,XD:X12=0x107f60,XN:X30=0x1080b0,IMM:0x150,"
SHL,0x10d115a4,SCALAR,1,1,0.000000,"dtype:B64,XD:X11=0x40,DATA_SRC:IMM,IMM:0x4,"
ZEROEXT,0x10d115ac,SCALAR,1,1,0.000000,"dtype:U16,XD:X11=0x40,XN:X11=0x40,"
MOVK,0x10d1161c,SCALAR,1,1,0.000000,"XD:X8=0xfff0000,IMM:0xfff,UIMM:0x1,"
SHL,0x10d115b4,SCALAR,1,1,0.000000,"dtype:B64,XD:X12=0x400000,DATA_SRC:IMM,IMM:0x10,"
SHL,0x10d115b8,SCALAR,1,1,0.000000,"dtype:B64,XD:X15=0x4000000000,DATA_SRC:IMM,IMM:0x20,"
SHL,0x10d115bc,SCALAR,1,1,0.000000,"dtype:B64,XD:X11=0x400000,DATA_SRC:IMM,IMM:0x10,"
OR,0x10d115c0,SCALAR,1,1,0.000000,"dtype:B64,XD:X12=0x4000400000,XN:X12=0x400000,XM:X15=0x4000000000,"
OR,0x10d115c4,SCALAR,1,1,0.000000,"dtype:B64,XD:X11=0x400040,XN:X13=0x40,XM:X11=0x400000,"
INSERT_XD,0x10d115c8,SCALAR,1,1,0.000000,"XD:X12=0x4000400010,IMM:0x1,POSITION:0x4,EXT:0,"
INSERT_XD,0x10d115cc,SCALAR,1,1,0.000000,"XD:X11=0x100400040,IMM:0x1,POSITION:0x20,EXT:0,"
SHL,0x10d115e4,SCALAR,1,1,0.000000,"dtype:B64,XD:X6=0x40,DATA_SRC:IMM,IMM:0x4,"
SIGNEXT,0x10d116f4,SCALAR,1,1,0.000000,"dtype:S8,XD:X2=0,XN:X2=0,"
ADD_IMM,0x10d116a0,SCALAR,1,1,0.000000,"dtype:S64,XD:X0=0x1,XN:X0=0,IMM:0x1,"
SFF,0x10d116ac,SCALAR,1,1,0.000000,"dtype:B64,XD:X3=0x2,XN:X0=0x3,"
SFF,0x10d11648,SCALAR,1,1,0.000000,"dtype:B64,XD:X6=0,XN:X0=0,"
SUB_IMM,0x10d116c8,SCALAR,1,1,0.000000,"dtype:S64,XD:X2=0,XN:X2=0x1,IMM:0x1,"
SIGNEXT,0x10d116cc,SCALAR,1,1,0.000000,"dtype:S8,XD:X4=0x1,XN:X5=0x1,"
SIGNEXT,0x10d116d8,SCALAR,1,1,0.000000,"dtype:S8,XD:X3=0x2,XN:X3=0x2,"
CMP_IMM,0x10d116e0,SCALAR,1,1,0.000000,"dtype:S64,XN:X2=0,IMM:0xff,cond_op:EQ,"
SUB_IMM,0x10d11064,SCALAR,1,1,0.000000,"dtype:S64,XD:X8=0x1079e8,XN:X30=0x1080b0,IMM:0x6c8,"
SBITSET,0x10d116b0,SCALAR,1,1,0.000000,"dtype:B64,XD:X0=0x7,XN:X3=0x2,"
SIGNEXT,0x10d116fc,SCALAR,1,1,0.000000,"dtype:S8,XD:X3=0,XN:X3=0,"
SBITSET,0x10d11704,SCALAR,1,1,0.000000,"dtype:B64,XD:X4=0x6,XN:X3=0,"
MOV_XD_IMM,0x10d11720,SCALAR,1,1,0.000000,"XD:X5=0,IMM:0,"
ZEROEXT,0x10d11724,SCALAR,1,1,0.000000,"dtype:U8,XD:X4=0,XN:X6=0,"
ADD_IMM,0x10d11728,SCALAR,1,1,0.000000,"dtype:S64,XD:X6=0x1,XN:X6=0,IMM:0x1,"
ZEROEXT,0x10d1172c,SCALAR,1,1,0.000000,"dtype:U8,XD:X7=0x1,XN:X6=0x1,"
CMP,0x10d11730,SCALAR,1,1,0.000000,"dtype:S64,XN:X7=0x1,XM:X2=0x1,cond_op:EQ,"
SEL,0x10d11734,SCALAR,1,1,0.000000,"dtype:B64,XD:X6=0,XN:X5=0,XM:X6=0x1,"
SUB_IMM,0x10d11068,SCALAR,1,1,0.000000,"dtype:S64,XD:X9=0x1079f8,XN:X30=0x1080b0,IMM:0x6b8,"
SHL,0x10d11664,SCALAR,1,1,0.000000,"dtype:B64,XD:X1=0x100000,DATA_SRC:IMM,IMM:0xf,"
ADD_IMM,0x10d11668,SCALAR,1,1,0.000000,"dtype:S64,XD:X1=0x100000,XN:X1=0x100000,IMM:0,"
SUB_IMM,0x10d11078,SCALAR,1,1,0.000000,"dtype:S64,XD:X8=0x107930,XN:X30=0x1080b0,IMM:0x780,"
SHR,0x10d11660,SCALAR,1,1,0.000000,"dtype:U64,XD:X1=0x20,DATA_SRC:IMM,IMM:0xf,"
SUB_IMM,0x10d1165c,SCALAR,1,1,0.000000,"dtype:S64,XD:X1=0x107920,XN:X30=0x1080b0,IMM:0x790,"
ADD_IMM,0x10d11678,SCALAR,1,1,0.000000,"dtype:S64,XD:X0=0x1,XN:X0=0,IMM:0x1,"
SFF,0x10d11684,SCALAR,1,1,0.000000,"dtype:B64,XD:X5=0x1,XN:X0=0x1,"
SIGNEXT,0x10d11650,SCALAR,1,1,0.000000,"dtype:S8,XD:X4=0,XN:X6=0,"
SBITSET,0x10d1164c,SCALAR,1,1,0.000000,"dtype:B64,XD:X0=0x1,XN:X6=0,"
SBITSET,0x10d11688,SCALAR,1,1,0.000000,"dtype:B64,XD:X0=0x3,XN:X5=0x1,"
JUMP,0x10d11f5c,FLOWCTRL,6,0,0.000000,"TargetPC:0x10d11f60"
JUMPCMP,0x10d11f58,FLOWCTRL,7,0,0.000000,"TargetPC:0,CMP_dtype:S64,XN:X3=0x1,Condition_op:3,FC_type:IMM,IMM:0x2CMP_type:IMM,UIMM:0xd,"
JUMPCMP,0x10d11fd4,FLOWCTRL,6,0,0.000000,"TargetPC:0,CMP_dtype:S64,XN:X3=0x1,Condition_op:3,FC_type:IMM,IMM:0x26CMP_type:IMM,UIMM:0x2,"
JUMPC,0x10d11f54,FLOWCTRL,7,0,0.000000,"TargetPC:0x10d11f58,cond_flag:0"
MOV_SPR_XN,0x10d1104c,SCALAR,1,0,0.000000,"SPR:CTRL,XN:X0=0,"
END,0x10d12258,FLOWCTRL,1,0,0.000000,""
JUMPCMP,0x10d11fdc,FLOWCTRL,3,0,0.000000,"TargetPC:0,CMP_dtype:S64,XN:X3=0x1,Condition_op:0,FC_type:IMM,IMM:0x4dCMP_type:IMM,UIMM:0x1,"
JUMPCMP,0x10d11fd8,FLOWCTRL,3,0,0.000000,"TargetPC:0,CMP_dtype:S64,XN:X3=0x1,Condition_op:0,FC_type:IMM,IMM:0x4bCMP_type:IMM,UIMM:0,"
JUMP,0x10d120f4,FLOWCTRL,1,0,0.000000,"TargetPC:0x10d11f20"
WAIT_FLAG,0x10d121b4,MTE1,1,0,0.000000,"PIPE:CUBE,TRIGGERPIPE:MTE1,FLAGID:0,"
JUMPCMP,0x10d1206c,FLOWCTRL,3,0,0.000000,"TargetPC:0,CMP_dtype:S64,XN:X3=0x3,Condition_op:0,FC_type:IMM,IMM:0x3bCMP_type:IMM,UIMM:0x3,"
JUMPC,0x10d11f64,FLOWCTRL,1,0,0.000000,"TargetPC:0x10d11f68,cond_flag:1"
NOP,0x10d12250,FLOWCTRL,1,0,0.000000,""
JUMP,0x10d12160,FLOWCTRL,3,0,0.000000,"TargetPC:0x10d11f20"
SET_FLAG,0x10d110dc,CUBE,1,0,0.000000,"PIPE:CUBE,TRIGGERPIPE:MTE1,FLAGID:0,"
JUMPC,0x10d11f70,FLOWCTRL,1,0,0.000000,"TargetPC:0x10d11f74,cond_flag:0"
JUMP,0x10d12210,FLOWCTRL,1,0,0.000000,"TargetPC:0x10d1224c"
WAIT_FLAG,0x10d1215c,MTE1,3,0,0.000000,"PIPE:CUBE,TRIGGERPIPE:MTE1,FLAGID:3,"
JUMPC,0x10d1220c,FLOWCTRL,1,0,0.000000,"TargetPC:0x10d12210,cond_flag:0"
WAIT_FLAG,0x10d121cc,MTE1,1,0,0.000000,"PIPE:CUBE,TRIGGERPIPE:MTE1,FLAGID:2,"
JUMP,0x10d12118,FLOWCTRL,3,0,0.000000,"TargetPC:0x10d11f20"
WAIT_FLAG,0x10d12114,MTE2,3,0,0.000000,"PIPE:MTE1,TRIGGERPIPE:MTE2,FLAGID:0,"
WAIT_FLAG,0x10d120f0,CUBE,1,0,0.000000,"PIPE:FIXP,TRIGGERPIPE:CUBE,FLAGID:0,"
JUMPC,0x10d11f78,FLOWCTRL,1,0,0.000000,"TargetPC:0x10d11f7c,cond_flag:1"
WAIT_FLAG,0x10d121c8,MTE1,1,0,0.000000,"PIPE:CUBE,TRIGGERPIPE:MTE1,FLAGID:1,"
JUMPC,0x10d11aa0,FLOWCTRL,1,0,0.000000,"TargetPC:0x10d11aa4,cond_flag:0"
WAIT_FLAG,0x10d11c1c,CUBE,1,0,0.000000,"PIPE:MTE1,TRIGGERPIPE:CUBE,FLAGID:1,"
JUMPC,0x10d11bf4,FLOWCTRL,1,0,0.000000,"TargetPC:0x10d11bf8,cond_flag:0"
WAIT_FLAG,0x10d11bc8,CUBE,1,0,0.000000,"PIPE:MTE1,TRIGGERPIPE:CUBE,FLAGID:0,"
JUMPC,0x10d11bb0,FLOWCTRL,1,0,0.000000,"TargetPC:0x10d11bb4,cond_flag:0"
SET_FLAG,0x10d11bac,MTE1,1,0,0.000000,"PIPE:MTE1,TRIGGERPIPE:MTE2,FLAGID:2,"
SET_FLAG,0x10d11ba0,MTE1,1,0,0.000000,"PIPE:MTE1,TRIGGERPIPE:CUBE,FLAGID:2,"
JUMPC,0x10d116e8,FLOWCTRL,1,0,0.000000,"TargetPC:0x10d116ec,cond_flag:0"
JUMPCMP,0x10d11744,FLOWCTRL,1,0,0.000000,"TargetPC:0,CMP_dtype:S64,XN:X7=0,Condition_op:1,FC_type:IMM,IMM:0x3f8CMP_type:IMM,UIMM:0,"
JUMPC,0x10d11758,FLOWCTRL,1,0,0.000000,"TargetPC:0x10d1175c,cond_flag:1"
JUMPC,0x10d117a8,FLOWCTRL,1,0,0.000000,"TargetPC:0x10d117ac,cond_flag:0"
JUMPC,0x10d11808,FLOWCTRL,4,0,0.000000,"TargetPC:0x10d1180c,cond_flag:1"
NOP,0x10d11afc,FLOWCTRL,1,0,0.000000,""
JUMP,0x10d11aa4,FLOWCTRL,1,0,0.000000,"TargetPC:0x10d11aa8"
JUMPC,0x10d11c48,FLOWCTRL,1,0,0.000000,"TargetPC:0x10d11c4c,cond_flag:0"
SET_FLAG,0x10d11884,MTE1,1,0,0.000000,"PIPE:MTE1,TRIGGERPIPE:CUBE,FLAGID:0,"
SET_FLAG,0x10d11890,MTE1,1,0,0.000000,"PIPE:MTE1,TRIGGERPIPE:MTE2,FLAGID:0,"
JUMPCMP,0x10d11a8c,FLOWCTRL,1,0,0.000000,"TargetPC:0,CMP_dtype:S64,XN:X7=0,Condition_op:1,FC_type:IMM,IMM:0x3f8CMP_type:IMM,UIMM:0,"
JUMPC,0x10d11894,FLOWCTRL,1,0,0.000000,"TargetPC:0x10d11898,cond_flag:0"
WAIT_FLAG,0x10d118ac,MTE1,1,0,0.000000,"PIPE:MTE2,TRIGGERPIPE:MTE1,FLAGID:1,"
JUMPCMP,0x10d118f0,FLOWCTRL,1,0,0.000000,"TargetPC:0,CMP_dtype:S64,XN:X7=0,Condition_op:1,FC_type:IMM,IMM:0x3f8CMP_type:IMM,UIMM:0,"
JUMPC,0x10d11904,FLOWCTRL,1,0,0.000000,"TargetPC:0x10d11908,cond_flag:1"
WAIT_FLAG,0x10d11a48,MTE1,1,0,0.000000,"PIPE:MTE2,TRIGGERPIPE:MTE1,FLAGID:2,"
JUMPC,0x10d11954,FLOWCTRL,1,0,0.000000,"TargetPC:0x10d11958,cond_flag:0"
JUMPC,0x10d11a30,FLOWCTRL,1,0,0.000000,"TargetPC:0x10d11a34,cond_flag:0"
SET_FLAG,0x10d11a2c,MTE1,1,0,0.000000,"PIPE:MTE1,TRIGGERPIPE:CUBE,FLAGID:1,"
SET_FLAG,0x10d11a20,MTE1,1,0,0.000000,"PIPE:MTE1,TRIGGERPIPE:MTE2,FLAGID:1,"
JUMPC,0x10d119a4,FLOWCTRL,4,0,0.000000,"TargetPC:0x10d119a8,cond_flag:1"
SET_FLAG,0x10d11e20,CUBE,1,0,0.000000,"PIPE:CUBE,TRIGGERPIPE:MTE1,FLAGID:3,"
JUMP,0x10d11f3c,FLOWCTRL,1,0,0.000000,"TargetPC:0x10d11f40"
JUMPCMP,0x10d11f38,FLOWCTRL,7,0,0.000000,"TargetPC:0,CMP_dtype:U64,XN:X2=0x1,Condition_op:2,FC_type:IMM,IMM:0x2CMP_type:REG,XM:X4=0x7,"
JUMP,0x10d11f14,FLOWCTRL,1,0,0.000000,"TargetPC:0x10d11f40"
JUMPCMP,0x10d11f08,FLOWCTRL,1,0,0.000000,"TargetPC:0,CMP_dtype:S64,XN:X3=0x7,Condition_op:0,FC_type:IMM,IMM:0xa6CMP_type:IMM,UIMM:0,"
JUMPC,0x10d11efc,FLOWCTRL,1,0,0.000000,"TargetPC:0x10d11f00,cond_flag:0"
SET_FLAG,0x10d11150,CUBE,1,0,0.000000,"PIPE:CUBE,TRIGGERPIPE:MTE1,FLAGID:1,"
BAR,0x10d11ec0,FIXP,1,0,0.000000,"PIPE:FIXP"
SET_FLAG,0x10d1118c,CUBE,1,0,0.000000,"PIPE:CUBE,TRIGGERPIPE:MTE1,FLAGID:2,"
JUMP,0x10d11e7c,FLOWCTRL,1,0,0.000000,"TargetPC:0x10d11e84"
WAIT_FLAG,0x10d11e6c,FIXP,1,0,0.000000,"PIPE:CUBE,TRIGGERPIPE:FIXP,FLAGID:0,"
JUMPC,0x10d11e50,FLOWCTRL,1,0,0.000000,"TargetPC:0x10d11e54,cond_flag:1"
SET_FLAG,0x10d11e4c,CUBE,1,0,0.000000,"PIPE:CUBE,TRIGGERPIPE:MTE1,FLAGID:5,"
SET_FLAG,0x10d11e40,CUBE,1,0,0.000000,"PIPE:CUBE,TRIGGERPIPE:MTE1,FLAGID:4,"
JUMPC,0x10d11f48,FLOWCTRL,7,0,0.000000,"TargetPC:0x10d11f4c,cond_flag:0"
JUMPCMP,0x10d113fc,FLOWCTRL,1,0,0.000000,"TargetPC:0,CMP_dtype:S64,XN:X5=0,Condition_op:1,FC_type:IMM,IMM:0x3f8CMP_type:IMM,UIMM:0,"
JUMPC,0x10d11410,FLOWCTRL,1,0,0.000000,"TargetPC:0x10d11414,cond_flag:1"
JUMPCMP,0x10d1148c,FLOWCTRL,1,0,0.000000,"TargetPC:0,CMP_dtype:S64,XN:X9=0,Condition_op:1,FC_type:IMM,IMM:0x3f8CMP_type:IMM,UIMM:0,"
JUMP,0x10d11ccc,FLOWCTRL,1,0,0.000000,"TargetPC:0x10d11cd0"
JUMPC,0x10d11cc8,FLOWCTRL,1,0,0.000000,"TargetPC:0x10d11ccc,cond_flag:0"
JUMPC,0x10d114a0,FLOWCTRL,1,0,0.000000,"TargetPC:0x10d114a4,cond_flag:1"
JUMPCMP,0x10d11cb4,FLOWCTRL,1,0,0.000000,"TargetPC:0,CMP_dtype:S64,XN:X11=0,Condition_op:1,FC_type:IMM,IMM:0x3f8CMP_type:IMM,UIMM:0,"
JUMPCMP,0x10d1151c,FLOWCTRL,1,0,0.000000,"TargetPC:0,CMP_dtype:S64,XN:X13=0,Condition_op:1,FC_type:IMM,IMM:0x3f8CMP_type:IMM,UIMM:0,"
JUMPC,0x10d11530,FLOWCTRL,1,0,0.000000,"TargetPC:0x10d11534,cond_flag:0"
JUMP,0x10d11534,FLOWCTRL,1,0,0.000000,"TargetPC:0x10d11538"
WAIT_FLAG,0x10d11c70,CUBE,1,0,0.000000,"PIPE:MTE1,TRIGGERPIPE:CUBE,FLAGID:2,"
NOP,0x10d1158c,FLOWCTRL,1,0,0.000000,""
