shape,M,N,K,total_time_us,line70_us,line71_us,line72_us,line73_us,missing_lines,csv_path
1x128x128,1,128,128,0.29000000000000004,0.05,0.11,0.04,0.09,,profile/1x128x128/OPPROF_20251111030746_XHPZHMDEYFGXPSZW/simulator/core0.cubecore0/core0.cubecore0_code_exe.csv
1x256x4096,1,256,4096,2.11,0.05,1.88,0.08,0.1,,profile/1x256x4096/OPPROF_20251111053551_ZPUYMBGWBRVQNFPH/simulator/core0.cubecore0/core0.cubecore0_code_exe.csv
1x1024x4096,1,1024,4096,5.47,0.05,5.09,0.2,0.13,,profile/1x1024x4096/OPPROF_20251111052425_BNVKPDDYVOXSVFFW/simulator/core0.cubecore0/core0.cubecore0_code_exe.csv
1x4096x4096,1,4096,4096,1.4700000000000002,0.05,1.29,0.05,0.08,,profile/1x4096x4096/OPPROF_20251111031333_PDWLCKFYRLBOQPHC/simulator/core0.cubecore0/core0.cubecore0_code_exe.csv
1x8192x8192,1,8192,8192,0.15000000000000002,0.05,0.1,0.0,0.0,"72,73",profile/1x8192x8192/OPPROF_20251111035630_KXONFDQMBPLYPNGJ/simulator/core0.cubecore0/core0.cubecore0_code_exe.csv
16x256x4096,16,256,4096,2.11,0.05,1.88,0.08,0.1,,profile/16x256x4096/OPPROF_20251111053721_HBHMEEHTNPQXKWOH/simulator/core0.cubecore0/core0.cubecore0_code_exe.csv
16x1024x4096,16,1024,4096,5.47,0.05,5.09,0.2,0.13,,profile/16x1024x4096/OPPROF_20251111053016_DLODWNNDVRXMRRMJ/simulator/core0.cubecore0/core0.cubecore0_code_exe.csv
16x4096x4096,16,4096,4096,1.4700000000000002,0.05,1.29,0.05,0.08,,profile/16x4096x4096/OPPROF_20251111032833_LNOGIEKOZNZHZEHY/simulator/core0.cubecore0/core0.cubecore0_code_exe.csv
16x4096x11008,16,4096,11008,3.61,0.05,3.43,0.05,0.08,,profile/16x4096x11008/OPPROF_20260226000758_BBPLOSBWXJYYGUIR/simulator/core0.cubecore0/core0.cubecore0_code_exe.csv
16x8192x8192,16,8192,8192,2.76,0.05,2.58,0.05,0.08,,profile/16x8192x8192/OPPROF_20251111043248_PIHRYUMQQCZWCMOA/simulator/core0.cubecore0/core0.cubecore0_code_exe.csv
16x8192x28672,16,8192,28672,9.360000000000001,0.05,9.18,0.05,0.08,,profile/16x8192x28672/OPPROF_20260226011507_ETZKNISYFJADLZWV/simulator/core0.cubecore0/core0.cubecore0_code_exe.csv
16x11008x4096,16,11008,4096,13.55,0.05,12.6,0.44,0.46,,profile/16x11008x4096/OPPROF_20251111060037_POYCZNUEKGZJSSPI/simulator/core0.cubecore0/core0.cubecore0_code_exe.csv
32x32x32,32,32,32,0.22000000000000003,0.05,0.05,0.04,0.08,,profile/32x32x32/OPPROF_20251111031019_IVLHCOSZRTRRVPNR/simulator/core0.cubecore0/core0.cubecore0_code_exe.csv
64x64x64,64,64,64,0.23,0.05,0.05,0.04,0.09,,profile/64x64x64/OPPROF_20251111031037_IHVTLGSLASRATXGO/simulator/core0.cubecore0/core0.cubecore0_code_exe.csv
127x113x91,127,113,91,0.7,0.11,0.12,0.06,0.41,,profile/127x113x91/OPPROF_20260225194450_WXBJFCIDLBYAAOUK/simulator/core0.cubecore0/core0.cubecore0_code_exe.csv
128x128x128,128,128,128,0.4,0.12,0.15,0.04,0.09,,profile/128x128x128/OPPROF_20251111031059_YNNUUVJZKFWZKXTR/simulator/core0.cubecore0/core0.cubecore0_code_exe.csv
128x1023x1024,128,1023,1024,22.98,0.42,4.52,0.2,17.84,,profile/128x1023x1024/OPPROF_20260225194554_DWFYEMAYMWTAUHAQ/simulator/core0.cubecore0/core0.cubecore0_code_exe.csv
128x1024x1023,128,1024,1023,22.98,0.42,4.52,0.2,17.84,,profile/128x1024x1023/OPPROF_20260225195117_KXUKOVKDREDBOEBL/simulator/core0.cubecore0/core0.cubecore0_code_exe.csv
128x1025x1024,128,1025,1024,23.320000999999998,0.42,4.58,0.2,18.120001,,profile/128x1025x1024/OPPROF_20260225195726_SDFWEFUGJBNOIMFJ/simulator/core0.cubecore0/core0.cubecore0_code_exe.csv
128x4096x4096,128,4096,4096,1.5000000000000002,0.07,1.3,0.05,0.08,,profile/128x4096x4096/OPPROF_20251111034251_RAGLTPPLEARQXRER/simulator/core0.cubecore0/core0.cubecore0_code_exe.csv
128x4096x11008,128,4096,11008,4.59,1.03,3.43,0.05,0.08,,profile/128x4096x11008/OPPROF_20260226004055_EBTFZQVVMLQAFEOF/simulator/core0.cubecore0/core0.cubecore0_code_exe.csv
128x8192x28672,128,8192,28672,9.4,0.07,9.2,0.05,0.08,,profile/128x8192x28672/OPPROF_20260226041133_OCNUOFVVFIAVSCBC/simulator/core0.cubecore0/core0.cubecore0_code_exe.csv
128x11008x4096,128,11008,4096,13.57,0.07,12.6,0.44,0.46,,profile/128x11008x4096/OPPROF_20260225170853_WWHDIWBFWKAAMYUT/simulator/core0.cubecore0/core0.cubecore0_code_exe.csv
128x28672x8192,128,28672,8192,2.8099999999999996,0.07,2.6,0.05,0.09,,profile/128x28672x8192/OPPROF_20260225211652_YSZBQIFFZJITIOJU/simulator/core0.cubecore0/core0.cubecore0_code_exe.csv
129x113x91,129,113,91,0.74,0.12,0.12,0.06,0.44,,profile/129x113x91/OPPROF_20260225194523_IFVOHUFBGPQECXAO/simulator/core0.cubecore0/core0.cubecore0_code_exe.csv
256x256x256,256,256,256,3.3099999999999996,0.33,0.58,0.08,2.32,,profile/256x256x256/OPPROF_20251111031118_JJZBZTMKFEGTTHGO/simulator/core0.cubecore0/core0.cubecore0_code_exe.csv
